2025-12-09 16:33:50,349 - WARNING - rs3964475 allele T failed tm Min. Results: ['56.86881939596611 ', '55.7702538781096 ', '54.019320414520905 ', '53.46690663230578 ', '53.41781657416618 ', '52.778258915474964 ', '52.343102316272336 ', '51.84312316021533 ', '51.70881547524351 ', '51.3314234254359 ', '50.62061072074101 ', '50.21196014995667 ', '48.66462251510745 ', '47.84836412660155 ']
2025-12-09 16:33:50,351 - WARNING - rs17396518 allele T failed tm Min. Results: ['54.999070730579206 ', '53.80039090014736 ', '53.17692711360132 ', '52.960222713191285 ', '52.330754084861724 ', '52.27737593078382 ', '51.40642777570599 ', '51.28153608985815 ', '51.25657821440143 ', '50.18170704952047 ', '49.165239689923965 ', '48.960703121182064 ', '46.95097227004288 ', '44.83069983518146 ']
2025-12-09 16:33:50,351 - WARNING - rs17396518 allele A failed tm Min. Results: ['55.2400638158195 ', '54.055429100670324 ', '53.227142883250906 ', '52.55619888161527 ', '52.42446532524491 ', '51.57462054288948 ', '51.543546626396676 ', '50.58111734672218 ', '50.49058903105663 ', '50.392596502506365 ', '49.28718066216288 ', '48.26650939499126 ', '45.98368692988413 ', '43.82402785810115 ']
2025-12-09 16:33:50,351 - INFO - lower TM fails: 3, all tm too high: 0, low homodimer with > 40C tm: 0, low haripin with > 40C tm: 0
2025-12-09 16:33:50,876 - WARNING - nothing passed in strict mode
2025-12-09 16:33:50,897 - WARNING - nothing passed in strict mode
2025-12-09 16:33:50,996 - WARNING - nothing passed in strict mode
2025-12-09 16:33:51,006 - WARNING - nothing passed in strict mode
2025-12-09 16:33:51,120 - WARNING - nothing passed in strict mode
2025-12-09 16:33:51,124 - WARNING - nothing passed in strict mode
2025-12-09 16:33:51,214 - WARNING - nothing passed in strict mode
2025-12-09 16:33:51,223 - WARNING - nothing passed in strict mode
2025-12-09 16:33:51,313 - WARNING - nothing passed in strict mode
2025-12-09 16:33:51,323 - WARNING - nothing passed in strict mode
2025-12-09 16:33:51,332 - WARNING - nothing passed in strict mode
2025-12-09 16:33:51,347 - WARNING - nothing passed in strict mode
2025-12-09 16:33:51,373 - WARNING - nothing passed in strict mode
2025-12-09 16:33:51,391 - WARNING - nothing passed in strict mode
2025-12-09 16:33:51,489 - WARNING - nothing passed in strict mode
2025-12-09 16:33:51,499 - WARNING - nothing passed in strict mode
2025-12-09 16:33:52,077 - WARNING - nothing passed in strict mode
2025-12-09 16:33:52,203 - WARNING - nothing passed in strict mode
2025-12-09 16:33:52,310 - WARNING - nothing passed in strict mode
2025-12-09 16:33:52,313 - WARNING - nothing passed in strict mode
2025-12-09 16:33:52,331 - WARNING - nothing passed in strict mode
2025-12-09 16:33:52,336 - WARNING - nothing passed in strict mode
2025-12-09 16:33:52,354 - WARNING - nothing passed in strict mode
2025-12-09 16:33:52,367 - WARNING - nothing passed in strict mode
2025-12-09 16:33:52,381 - WARNING - nothing passed in strict mode
2025-12-09 16:33:52,401 - WARNING - nothing passed in strict mode
2025-12-09 16:33:52,436 - WARNING - nothing passed in strict mode
2025-12-09 16:33:52,469 - WARNING - nothing passed in strict mode
2025-12-09 16:33:52,492 - WARNING - nothing passed in strict mode
2025-12-09 16:33:52,521 - WARNING - nothing passed in strict mode
2025-12-09 16:33:52,547 - WARNING - nothing passed in strict mode
2025-12-09 16:33:52,570 - WARNING - nothing passed in strict mode
2025-12-09 16:33:52,672 - WARNING - nothing passed in strict mode
2025-12-09 16:33:52,675 - WARNING - nothing passed in strict mode
2025-12-09 16:33:52,677 - WARNING - nothing passed in strict mode
2025-12-09 16:33:52,681 - WARNING - nothing passed in strict mode
2025-12-09 16:33:52,688 - WARNING - nothing passed in strict mode
2025-12-09 16:33:52,703 - WARNING - nothing passed in strict mode
2025-12-09 16:33:52,715 - WARNING - nothing passed in strict mode
2025-12-09 16:33:52,738 - WARNING - nothing passed in strict mode
2025-12-09 16:33:52,770 - WARNING - nothing passed in strict mode
2025-12-09 16:33:52,794 - WARNING - nothing passed in strict mode
2025-12-09 16:33:52,820 - WARNING - nothing passed in strict mode
2025-12-09 16:33:52,842 - WARNING - nothing passed in strict mode
2025-12-09 16:33:52,866 - WARNING - nothing passed in strict mode
2025-12-09 16:33:52,882 - WARNING - nothing passed in strict mode
2025-12-09 16:33:53,206 - WARNING - nothing passed in strict mode
2025-12-09 16:33:53,314 - WARNING - nothing passed in strict mode
2025-12-09 16:33:53,406 - WARNING - nothing passed in strict mode
2025-12-09 16:33:53,412 - WARNING - nothing passed in strict mode
2025-12-09 16:33:53,424 - WARNING - nothing passed in strict mode
2025-12-09 16:33:53,438 - WARNING - nothing passed in strict mode
2025-12-09 16:33:53,463 - WARNING - nothing passed in strict mode
2025-12-09 16:33:53,487 - WARNING - nothing passed in strict mode
2025-12-09 16:33:53,500 - WARNING - nothing passed in strict mode
2025-12-09 16:33:53,615 - WARNING - nothing passed in strict mode
2025-12-09 16:33:53,620 - WARNING - nothing passed in strict mode
2025-12-09 16:33:53,632 - WARNING - nothing passed in strict mode
2025-12-09 16:33:53,647 - WARNING - nothing passed in strict mode
2025-12-09 16:33:53,670 - WARNING - nothing passed in strict mode
2025-12-09 16:33:53,697 - WARNING - nothing passed in strict mode
2025-12-09 16:33:53,717 - WARNING - nothing passed in strict mode
2025-12-09 16:33:54,169 - INFO - allele's run 25
2025-12-09 16:33:54,169 - INFO - fetch_snp took : 0:00:00.003269
2025-12-09 16:33:54,169 - INFO - generate_allele_specific_primer took : 0:00:00.493625
2025-12-09 16:33:54,170 - INFO - filter_primers took : 0:00:00.002107
2025-12-09 16:33:54,170 - INFO - multiplexing close took : 0:00:00.515310
2025-12-09 16:33:54,170 - INFO - generate far took : 0:00:03.147176
2025-12-09 16:33:54,170 - INFO - total time : 0:00:04.316418
2025-12-09 16:41:41,382 - WARNING - rs3964475 allele T failed tm Min. Results: ['56.86881939596611 ', '55.7702538781096 ', '54.019320414520905 ', '53.46690663230578 ', '53.41781657416618 ', '52.778258915474964 ', '52.343102316272336 ', '51.84312316021533 ', '51.70881547524351 ', '51.3314234254359 ', '50.62061072074101 ', '50.21196014995667 ', '48.66462251510745 ', '47.84836412660155 ']
2025-12-09 16:41:41,384 - WARNING - rs17396518 allele T failed tm Min. Results: ['54.999070730579206 ', '53.80039090014736 ', '53.17692711360132 ', '52.960222713191285 ', '52.330754084861724 ', '52.27737593078382 ', '51.40642777570599 ', '51.28153608985815 ', '51.25657821440143 ', '50.18170704952047 ', '49.165239689923965 ', '48.960703121182064 ', '46.95097227004288 ', '44.83069983518146 ']
2025-12-09 16:41:41,384 - WARNING - rs17396518 allele A failed tm Min. Results: ['55.2400638158195 ', '54.055429100670324 ', '53.227142883250906 ', '52.55619888161527 ', '52.42446532524491 ', '51.57462054288948 ', '51.543546626396676 ', '50.58111734672218 ', '50.49058903105663 ', '50.392596502506365 ', '49.28718066216288 ', '48.26650939499126 ', '45.98368692988413 ', '43.82402785810115 ']
2025-12-09 16:41:41,385 - WARNING - rs369546232 allele T failed tm Max. Results: ['65.70330381941363 ', '67.99071866851602 ', '70.07855103211926 ', '71.14576614119261 ', '71.19956625229776 ', '71.24875121405671 ', '71.29389045657149 ']
2025-12-09 16:41:41,385 - WARNING - rs369546232 allele A failed tm Max. Results: ['65.4931069154049 ', '67.79931781342617 ', '69.90353493928927 ', '70.9804607349796 ', '71.04188549694533 ', '71.09802319053102 ', '71.14952826794774 ']
2025-12-09 16:41:41,385 - WARNING - rs369546232 allele G failed tm Max. Results: ['66.37581997116206 ', '68.5975682270647 ', '70.62833992712467 ', '71.66247939228089 ', '71.69270306941729 ', '71.72036813696803 ', '71.74578630271162 ']
2025-12-09 16:41:41,387 - WARNING - rs773821537 allele G failed tm Min. Results: ['56.66008450173513 ', '55.97415330803159 ', '55.22548972489909 ', '54.635571111977754 ', '52.68360737502326 ', '51.868601900735996 ', '51.75310330111034 ', '50.81722198609992 ', '49.74425699662254 ', '48.839988360142456 ', '47.83040819258332 ', '47.09013306946895 ', '44.76620958672362 ', '42.16063289000056 ']
2025-12-09 16:41:41,387 - WARNING - rs773821537 allele A failed tm Min. Results: ['55.42199718725243 ', '54.66911216263162 ', '53.84612368373092 ', '53.18322145702871 ', '51.14023959143299 ', '50.3818643908827 ', '50.20143318088782 ', '49.17815390470412 ', '48.0671820596919 ', '47.1112812710964 ', '45.987311199611895 ', '45.21944730564945 ', '42.78001188562331 ', '39.97342182490297 ']
2025-12-09 16:41:41,388 - WARNING - rs773821537 allele C failed tm Min. Results: ['56.07653947684457 ', '55.35891511794466 ', '54.575063847969034 ', '53.95067261212546 ', '51.95490783121312 ', '51.617462949613866 ', '51.491357023685566 ', '50.542637542450564 ', '48.9510612023866 ', '48.55424714131709 ', '46.95817311761874 ', '46.784655674595285 ', '44.446705725903655 ', '41.81469500542079 ']
2025-12-09 16:41:41,388 - WARNING - rs371996741 allele C failed tm Min. Results: ['56.446454615140794 ', '54.83788123999494 ', '53.33296370678232 ', '52.44548173379678 ', '52.34272378266837 ', '51.314963580715585 ', '49.77376168917766 ', '49.570241779702826 ', '49.088647945868445 ', '48.77251378498471 ', '47.6511038934824 ', '47.31670075983129 ', '46.003563774145164 ', '44.545014772856405 ']
2025-12-09 16:41:41,389 - WARNING - rs371996741 allele A failed tm Min. Results: ['55.79460600668517 ', '54.144669928204905 ', '52.57753893452872 ', '51.64122558187239 ', '51.49854715078783 ', '50.41004865054413 ', '49.01265628355435 ', '48.77390025016939 ', '48.11157272041197 ', '47.930461835395704 ', '46.75083484130619 ', '46.36713126651392 ', '44.98063577242647 ', '43.43780344386897 ']
2025-12-09 16:41:41,389 - WARNING - rs371996741 allele T failed tm Min. Results: ['55.59852049116847 ', '53.936972334461075 ', '52.35188985040577 ', '51.401344934209476 ', '51.246627537751635 ', '50.14042921904155 ', '48.25085523883081 ', '47.97927285693959 ', '47.82172389803998 ', '47.100500991707804 ', '45.878451332313375 ', '45.451436143893375 ', '44.013048898692034 ', '42.412112962271124 ']
2025-12-09 16:41:41,389 - INFO - lower TM fails: 9, all tm too high: 3, low homodimer with > 40C tm: 0, low haripin with > 40C tm: 0
2025-12-09 16:41:44,115 - WARNING - nothing passed in strict mode
2025-12-09 16:41:44,136 - WARNING - nothing passed in strict mode
2025-12-09 16:41:44,324 - WARNING - nothing passed in strict mode
2025-12-09 16:41:44,336 - WARNING - nothing passed in strict mode
2025-12-09 16:41:44,507 - WARNING - nothing passed in strict mode
2025-12-09 16:41:44,519 - WARNING - nothing passed in strict mode
2025-12-09 16:41:44,641 - WARNING - nothing passed in strict mode
2025-12-09 16:41:44,647 - WARNING - nothing passed in strict mode
2025-12-09 16:41:44,754 - WARNING - nothing passed in strict mode
2025-12-09 16:41:44,760 - WARNING - nothing passed in strict mode
2025-12-09 16:41:44,775 - WARNING - nothing passed in strict mode
2025-12-09 16:41:44,781 - WARNING - nothing passed in strict mode
2025-12-09 16:41:44,795 - WARNING - nothing passed in strict mode
2025-12-09 16:41:44,811 - WARNING - nothing passed in strict mode
2025-12-09 16:41:44,931 - WARNING - nothing passed in strict mode
2025-12-09 16:41:44,939 - WARNING - nothing passed in strict mode
2025-12-09 16:41:45,942 - WARNING - nothing passed in strict mode
2025-12-09 16:41:46,099 - WARNING - nothing passed in strict mode
2025-12-09 16:41:46,247 - WARNING - nothing passed in strict mode
2025-12-09 16:41:46,250 - WARNING - nothing passed in strict mode
2025-12-09 16:41:46,252 - WARNING - nothing passed in strict mode
2025-12-09 16:41:46,257 - WARNING - nothing passed in strict mode
2025-12-09 16:41:46,272 - WARNING - nothing passed in strict mode
2025-12-09 16:41:46,282 - WARNING - nothing passed in strict mode
2025-12-09 16:41:46,299 - WARNING - nothing passed in strict mode
2025-12-09 16:41:46,322 - WARNING - nothing passed in strict mode
2025-12-09 16:41:46,347 - WARNING - nothing passed in strict mode
2025-12-09 16:41:46,376 - WARNING - nothing passed in strict mode
2025-12-09 16:41:46,392 - WARNING - nothing passed in strict mode
2025-12-09 16:41:46,416 - WARNING - nothing passed in strict mode
2025-12-09 16:41:46,440 - WARNING - nothing passed in strict mode
2025-12-09 16:41:46,449 - WARNING - nothing passed in strict mode
2025-12-09 16:41:46,595 - WARNING - nothing passed in strict mode
2025-12-09 16:41:46,596 - WARNING - nothing passed in strict mode
2025-12-09 16:41:46,599 - WARNING - nothing passed in strict mode
2025-12-09 16:41:46,604 - WARNING - nothing passed in strict mode
2025-12-09 16:41:46,614 - WARNING - nothing passed in strict mode
2025-12-09 16:41:46,630 - WARNING - nothing passed in strict mode
2025-12-09 16:41:46,645 - WARNING - nothing passed in strict mode
2025-12-09 16:41:46,662 - WARNING - nothing passed in strict mode
2025-12-09 16:41:46,680 - WARNING - nothing passed in strict mode
2025-12-09 16:41:46,710 - WARNING - nothing passed in strict mode
2025-12-09 16:41:46,728 - WARNING - nothing passed in strict mode
2025-12-09 16:41:46,750 - WARNING - nothing passed in strict mode
2025-12-09 16:41:46,770 - WARNING - nothing passed in strict mode
2025-12-09 16:41:46,792 - WARNING - nothing passed in strict mode
2025-12-09 16:41:47,364 - WARNING - nothing passed in strict mode
2025-12-09 16:41:47,534 - WARNING - nothing passed in strict mode
2025-12-09 16:41:47,709 - WARNING - nothing passed in strict mode
2025-12-09 16:41:47,721 - WARNING - nothing passed in strict mode
2025-12-09 16:41:47,736 - WARNING - nothing passed in strict mode
2025-12-09 16:41:47,755 - WARNING - nothing passed in strict mode
2025-12-09 16:41:47,787 - WARNING - nothing passed in strict mode
2025-12-09 16:41:47,831 - WARNING - nothing passed in strict mode
2025-12-09 16:41:47,863 - WARNING - nothing passed in strict mode
2025-12-09 16:41:48,116 - WARNING - nothing passed in strict mode
2025-12-09 16:41:48,132 - WARNING - nothing passed in strict mode
2025-12-09 16:41:48,172 - WARNING - nothing passed in strict mode
2025-12-09 16:41:48,186 - WARNING - nothing passed in strict mode
2025-12-09 16:41:48,211 - WARNING - nothing passed in strict mode
2025-12-09 16:41:48,244 - WARNING - nothing passed in strict mode
2025-12-09 16:41:48,266 - WARNING - nothing passed in strict mode
2025-12-09 16:41:48,861 - WARNING - nothing passed in strict mode
2025-12-09 16:41:49,608 - WARNING - nothing passed in strict mode
2025-12-09 16:41:49,611 - WARNING - nothing passed in strict mode
2025-12-09 16:41:49,740 - WARNING - nothing passed in strict mode
2025-12-09 16:41:49,747 - WARNING - nothing passed in strict mode
2025-12-09 16:41:50,110 - WARNING - nothing passed in strict mode
2025-12-09 16:41:50,126 - WARNING - nothing passed in strict mode
2025-12-09 16:41:50,149 - WARNING - nothing passed in strict mode
2025-12-09 16:41:50,174 - WARNING - nothing passed in strict mode
2025-12-09 16:41:50,210 - WARNING - nothing passed in strict mode
2025-12-09 16:41:50,233 - WARNING - nothing passed in strict mode
2025-12-09 16:41:50,287 - WARNING - nothing passed in strict mode
2025-12-09 16:41:50,343 - WARNING - nothing passed in strict mode
2025-12-09 16:41:50,397 - WARNING - nothing passed in strict mode
2025-12-09 16:41:50,423 - WARNING - nothing passed in strict mode
2025-12-09 16:41:50,446 - WARNING - nothing passed in strict mode
2025-12-09 16:41:50,474 - WARNING - nothing passed in strict mode
2025-12-09 16:41:50,507 - WARNING - nothing passed in strict mode
2025-12-09 16:41:50,547 - WARNING - nothing passed in strict mode
2025-12-09 16:41:50,577 - WARNING - nothing passed in strict mode
2025-12-09 16:41:50,598 - WARNING - nothing passed in strict mode
2025-12-09 16:41:50,632 - WARNING - nothing passed in strict mode
2025-12-09 16:41:50,661 - WARNING - nothing passed in strict mode
2025-12-09 16:41:50,686 - WARNING - nothing passed in strict mode
2025-12-09 16:41:50,706 - WARNING - nothing passed in strict mode
2025-12-09 16:41:50,728 - WARNING - nothing passed in strict mode
2025-12-09 16:41:50,746 - WARNING - nothing passed in strict mode
2025-12-09 16:41:50,778 - WARNING - nothing passed in strict mode
2025-12-09 16:41:50,803 - WARNING - nothing passed in strict mode
2025-12-09 16:41:50,826 - WARNING - nothing passed in strict mode
2025-12-09 16:41:50,844 - WARNING - nothing passed in strict mode
2025-12-09 16:41:50,863 - WARNING - nothing passed in strict mode
2025-12-09 16:41:50,882 - WARNING - nothing passed in strict mode
2025-12-09 16:41:50,898 - WARNING - nothing passed in strict mode
2025-12-09 16:41:50,915 - WARNING - nothing passed in strict mode
2025-12-09 16:41:50,938 - WARNING - nothing passed in strict mode
2025-12-09 16:41:50,950 - WARNING - nothing passed in strict mode
2025-12-09 16:41:50,979 - WARNING - nothing passed in strict mode
2025-12-09 16:41:51,008 - WARNING - nothing passed in strict mode
2025-12-09 16:41:51,024 - WARNING - nothing passed in strict mode
2025-12-09 16:41:51,056 - WARNING - nothing passed in strict mode
2025-12-09 16:41:51,078 - WARNING - nothing passed in strict mode
2025-12-09 16:41:51,099 - WARNING - nothing passed in strict mode
2025-12-09 16:41:51,117 - WARNING - nothing passed in strict mode
2025-12-09 16:41:51,132 - WARNING - nothing passed in strict mode
2025-12-09 16:41:51,148 - WARNING - nothing passed in strict mode
2025-12-09 16:41:51,176 - WARNING - nothing passed in strict mode
2025-12-09 16:41:51,192 - WARNING - nothing passed in strict mode
2025-12-09 16:41:51,210 - WARNING - nothing passed in strict mode
2025-12-09 16:41:51,225 - WARNING - nothing passed in strict mode
2025-12-09 16:41:51,245 - WARNING - nothing passed in strict mode
2025-12-09 16:41:51,257 - WARNING - nothing passed in strict mode
2025-12-09 16:41:51,266 - WARNING - nothing passed in strict mode
2025-12-09 16:41:51,280 - WARNING - nothing passed in strict mode
2025-12-09 16:41:51,307 - WARNING - nothing passed in strict mode
2025-12-09 16:41:51,331 - WARNING - nothing passed in strict mode
2025-12-09 16:41:51,361 - WARNING - nothing passed in strict mode
2025-12-09 16:41:51,382 - WARNING - nothing passed in strict mode
2025-12-09 16:41:51,409 - WARNING - nothing passed in strict mode
2025-12-09 16:41:51,433 - WARNING - nothing passed in strict mode
2025-12-09 16:41:51,459 - WARNING - nothing passed in strict mode
2025-12-09 16:41:51,477 - WARNING - nothing passed in strict mode
2025-12-09 16:41:51,496 - WARNING - nothing passed in strict mode
2025-12-09 16:41:51,522 - WARNING - nothing passed in strict mode
2025-12-09 16:41:51,547 - WARNING - nothing passed in strict mode
2025-12-09 16:41:51,574 - WARNING - nothing passed in strict mode
2025-12-09 16:41:51,595 - WARNING - nothing passed in strict mode
2025-12-09 16:41:51,617 - WARNING - nothing passed in strict mode
2025-12-09 16:41:51,633 - WARNING - nothing passed in strict mode
2025-12-09 16:41:51,657 - WARNING - nothing passed in strict mode
2025-12-09 16:41:51,676 - WARNING - nothing passed in strict mode
2025-12-09 16:41:51,695 - WARNING - nothing passed in strict mode
2025-12-09 16:41:51,720 - WARNING - nothing passed in strict mode
2025-12-09 16:41:51,743 - WARNING - nothing passed in strict mode
2025-12-09 16:41:51,762 - WARNING - nothing passed in strict mode
2025-12-09 16:41:51,792 - WARNING - nothing passed in strict mode
2025-12-09 16:41:51,816 - WARNING - nothing passed in strict mode
2025-12-09 16:41:51,833 - WARNING - nothing passed in strict mode
2025-12-09 16:41:51,858 - WARNING - nothing passed in strict mode
2025-12-09 16:41:51,873 - WARNING - nothing passed in strict mode
2025-12-09 16:41:51,893 - WARNING - nothing passed in strict mode
2025-12-09 16:41:52,024 - WARNING - nothing passed in strict mode
2025-12-09 16:41:52,053 - WARNING - nothing passed in strict mode
2025-12-09 16:41:52,074 - WARNING - nothing passed in strict mode
2025-12-09 16:41:52,083 - WARNING - nothing passed in strict mode
2025-12-09 16:41:52,110 - WARNING - nothing passed in strict mode
2025-12-09 16:41:52,129 - WARNING - nothing passed in strict mode
2025-12-09 16:41:52,150 - WARNING - nothing passed in strict mode
2025-12-09 16:41:52,176 - WARNING - nothing passed in strict mode
2025-12-09 16:41:52,200 - WARNING - nothing passed in strict mode
2025-12-09 16:41:52,229 - WARNING - nothing passed in strict mode
2025-12-09 16:41:52,264 - WARNING - nothing passed in strict mode
2025-12-09 16:41:52,312 - WARNING - nothing passed in strict mode
2025-12-09 16:41:52,345 - WARNING - nothing passed in strict mode
2025-12-09 16:41:52,390 - WARNING - nothing passed in strict mode
2025-12-09 16:41:52,443 - WARNING - nothing passed in strict mode
2025-12-09 16:41:52,461 - WARNING - nothing passed in strict mode
2025-12-09 16:41:52,482 - WARNING - nothing passed in strict mode
2025-12-09 16:41:52,511 - WARNING - nothing passed in strict mode
2025-12-09 16:41:52,528 - WARNING - nothing passed in strict mode
2025-12-09 16:41:52,558 - WARNING - nothing passed in strict mode
2025-12-09 16:41:52,581 - WARNING - nothing passed in strict mode
2025-12-09 16:41:52,624 - WARNING - nothing passed in strict mode
2025-12-09 16:41:52,703 - WARNING - nothing passed in strict mode
2025-12-09 16:41:52,765 - WARNING - nothing passed in strict mode
2025-12-09 16:41:52,809 - WARNING - nothing passed in strict mode
2025-12-09 16:41:52,847 - WARNING - nothing passed in strict mode
2025-12-09 16:41:52,878 - WARNING - nothing passed in strict mode
2025-12-09 16:41:52,922 - WARNING - nothing passed in strict mode
2025-12-09 16:41:52,964 - WARNING - nothing passed in strict mode
2025-12-09 16:41:52,993 - WARNING - nothing passed in strict mode
2025-12-09 16:41:53,025 - WARNING - nothing passed in strict mode
2025-12-09 16:41:53,065 - WARNING - nothing passed in strict mode
2025-12-09 16:41:53,107 - WARNING - nothing passed in strict mode
2025-12-09 16:41:53,139 - WARNING - nothing passed in strict mode
2025-12-09 16:41:53,173 - WARNING - nothing passed in strict mode
2025-12-09 16:41:53,204 - WARNING - nothing passed in strict mode
2025-12-09 16:41:53,224 - WARNING - nothing passed in strict mode
2025-12-09 16:41:53,242 - WARNING - nothing passed in strict mode
2025-12-09 16:41:53,266 - WARNING - nothing passed in strict mode
2025-12-09 16:41:53,291 - WARNING - nothing passed in strict mode
2025-12-09 16:41:53,311 - WARNING - nothing passed in strict mode
2025-12-09 16:41:53,337 - WARNING - nothing passed in strict mode
2025-12-09 16:41:53,350 - WARNING - nothing passed in strict mode
2025-12-09 16:41:53,370 - WARNING - nothing passed in strict mode
2025-12-09 16:41:53,392 - WARNING - nothing passed in strict mode
2025-12-09 16:41:53,414 - WARNING - nothing passed in strict mode
2025-12-09 16:41:53,431 - WARNING - nothing passed in strict mode
2025-12-09 16:41:53,445 - WARNING - nothing passed in strict mode
2025-12-09 16:41:53,461 - WARNING - nothing passed in strict mode
2025-12-09 16:41:53,488 - WARNING - nothing passed in strict mode
2025-12-09 16:41:53,529 - WARNING - nothing passed in strict mode
2025-12-09 16:41:53,564 - WARNING - nothing passed in strict mode
2025-12-09 16:41:53,593 - WARNING - nothing passed in strict mode
2025-12-09 16:41:53,612 - WARNING - nothing passed in strict mode
2025-12-09 16:41:53,643 - WARNING - nothing passed in strict mode
2025-12-09 16:41:53,666 - WARNING - nothing passed in strict mode
2025-12-09 16:41:53,690 - WARNING - nothing passed in strict mode
2025-12-09 16:41:53,712 - WARNING - nothing passed in strict mode
2025-12-09 16:41:53,741 - WARNING - nothing passed in strict mode
2025-12-09 16:41:53,765 - WARNING - nothing passed in strict mode
2025-12-09 16:41:53,783 - WARNING - nothing passed in strict mode
2025-12-09 16:41:53,798 - WARNING - nothing passed in strict mode
2025-12-09 16:41:53,822 - WARNING - nothing passed in strict mode
2025-12-09 16:41:53,842 - WARNING - nothing passed in strict mode
2025-12-09 16:41:53,855 - WARNING - nothing passed in strict mode
2025-12-09 16:41:53,875 - WARNING - nothing passed in strict mode
2025-12-09 16:41:53,895 - WARNING - nothing passed in strict mode
2025-12-09 16:41:53,914 - WARNING - nothing passed in strict mode
2025-12-09 16:41:53,947 - WARNING - nothing passed in strict mode
2025-12-09 16:41:53,964 - WARNING - nothing passed in strict mode
2025-12-09 16:41:53,991 - WARNING - nothing passed in strict mode
2025-12-09 16:41:54,014 - WARNING - nothing passed in strict mode
2025-12-09 16:41:54,029 - WARNING - nothing passed in strict mode
2025-12-09 16:41:54,053 - WARNING - nothing passed in strict mode
2025-12-09 16:41:54,066 - WARNING - nothing passed in strict mode
2025-12-09 16:41:54,091 - WARNING - nothing passed in strict mode
2025-12-09 16:41:54,207 - WARNING - nothing passed in strict mode
2025-12-09 16:41:54,222 - WARNING - nothing passed in strict mode
2025-12-09 16:41:54,247 - WARNING - nothing passed in strict mode
2025-12-09 16:41:54,269 - WARNING - nothing passed in strict mode
2025-12-09 16:41:54,282 - WARNING - nothing passed in strict mode
2025-12-09 16:41:54,299 - WARNING - nothing passed in strict mode
2025-12-09 16:41:54,316 - WARNING - nothing passed in strict mode
2025-12-09 16:41:54,348 - WARNING - nothing passed in strict mode
2025-12-09 16:41:54,373 - WARNING - nothing passed in strict mode
2025-12-09 16:41:54,400 - WARNING - nothing passed in strict mode
2025-12-09 16:41:54,422 - WARNING - nothing passed in strict mode
2025-12-09 16:41:54,432 - WARNING - nothing passed in strict mode
2025-12-09 16:41:54,445 - WARNING - nothing passed in strict mode
2025-12-09 16:41:54,463 - WARNING - nothing passed in strict mode
2025-12-09 16:41:54,481 - WARNING - nothing passed in strict mode
2025-12-09 16:41:54,507 - WARNING - nothing passed in strict mode
2025-12-09 16:41:54,524 - WARNING - nothing passed in strict mode
2025-12-09 16:41:54,543 - WARNING - nothing passed in strict mode
2025-12-09 16:41:54,558 - WARNING - nothing passed in strict mode
2025-12-09 16:41:54,576 - WARNING - nothing passed in strict mode
2025-12-09 16:41:54,593 - WARNING - nothing passed in strict mode
2025-12-09 16:41:54,611 - WARNING - nothing passed in strict mode
2025-12-09 16:41:54,626 - WARNING - nothing passed in strict mode
2025-12-09 16:41:54,827 - WARNING - nothing passed in strict mode
2025-12-09 16:41:54,843 - WARNING - nothing passed in strict mode
2025-12-09 16:41:54,876 - WARNING - nothing passed in strict mode
2025-12-09 16:41:54,906 - WARNING - nothing passed in strict mode
2025-12-09 16:41:54,929 - WARNING - nothing passed in strict mode
2025-12-09 16:41:54,946 - WARNING - nothing passed in strict mode
2025-12-09 16:41:54,975 - WARNING - nothing passed in strict mode
2025-12-09 16:41:55,008 - WARNING - nothing passed in strict mode
2025-12-09 16:41:55,042 - WARNING - nothing passed in strict mode
2025-12-09 16:41:55,072 - WARNING - nothing passed in strict mode
2025-12-09 16:41:55,092 - WARNING - nothing passed in strict mode
2025-12-09 16:41:55,111 - WARNING - nothing passed in strict mode
2025-12-09 16:41:55,127 - WARNING - nothing passed in strict mode
2025-12-09 16:41:55,147 - WARNING - nothing passed in strict mode
2025-12-09 16:41:55,164 - WARNING - nothing passed in strict mode
2025-12-09 16:41:55,198 - WARNING - nothing passed in strict mode
2025-12-09 16:41:55,242 - WARNING - nothing passed in strict mode
2025-12-09 16:41:55,291 - WARNING - nothing passed in strict mode
2025-12-09 16:41:55,331 - WARNING - nothing passed in strict mode
2025-12-09 16:41:55,359 - WARNING - nothing passed in strict mode
2025-12-09 16:41:55,377 - WARNING - nothing passed in strict mode
2025-12-09 16:41:55,408 - WARNING - nothing passed in strict mode
2025-12-09 16:41:55,444 - WARNING - nothing passed in strict mode
2025-12-09 16:41:55,726 - WARNING - nothing passed in strict mode
2025-12-09 16:41:55,747 - WARNING - nothing passed in strict mode
2025-12-09 16:41:55,764 - WARNING - nothing passed in strict mode
2025-12-09 16:41:55,794 - WARNING - nothing passed in strict mode
2025-12-09 16:41:55,814 - WARNING - nothing passed in strict mode
2025-12-09 16:41:55,831 - WARNING - nothing passed in strict mode
2025-12-09 16:41:55,860 - WARNING - nothing passed in strict mode
2025-12-09 16:41:55,891 - WARNING - nothing passed in strict mode
2025-12-09 16:41:55,926 - WARNING - nothing passed in strict mode
2025-12-09 16:41:55,963 - WARNING - nothing passed in strict mode
2025-12-09 16:41:55,988 - WARNING - nothing passed in strict mode
2025-12-09 16:41:56,011 - WARNING - nothing passed in strict mode
2025-12-09 16:41:56,063 - WARNING - nothing passed in strict mode
2025-12-09 16:41:56,081 - WARNING - nothing passed in strict mode
2025-12-09 16:41:56,092 - WARNING - nothing passed in strict mode
2025-12-09 16:41:56,110 - WARNING - nothing passed in strict mode
2025-12-09 16:41:56,128 - WARNING - nothing passed in strict mode
2025-12-09 16:41:56,145 - WARNING - nothing passed in strict mode
2025-12-09 16:41:56,163 - WARNING - nothing passed in strict mode
2025-12-09 16:41:56,183 - WARNING - nothing passed in strict mode
2025-12-09 16:41:56,209 - WARNING - nothing passed in strict mode
2025-12-09 16:41:56,225 - WARNING - nothing passed in strict mode
2025-12-09 16:41:56,240 - WARNING - nothing passed in strict mode
2025-12-09 16:41:56,473 - WARNING - nothing passed in strict mode
2025-12-09 16:41:56,490 - WARNING - nothing passed in strict mode
2025-12-09 16:41:56,515 - WARNING - nothing passed in strict mode
2025-12-09 16:41:56,540 - WARNING - nothing passed in strict mode
2025-12-09 16:41:56,560 - WARNING - nothing passed in strict mode
2025-12-09 16:41:56,577 - WARNING - nothing passed in strict mode
2025-12-09 16:41:56,597 - WARNING - nothing passed in strict mode
2025-12-09 16:41:56,627 - WARNING - nothing passed in strict mode
2025-12-09 16:41:56,647 - WARNING - nothing passed in strict mode
2025-12-09 16:41:56,677 - WARNING - nothing passed in strict mode
2025-12-09 16:41:56,710 - WARNING - nothing passed in strict mode
2025-12-09 16:41:56,730 - WARNING - nothing passed in strict mode
2025-12-09 16:41:56,748 - WARNING - nothing passed in strict mode
2025-12-09 16:41:56,765 - WARNING - nothing passed in strict mode
2025-12-09 16:41:56,779 - WARNING - nothing passed in strict mode
2025-12-09 16:41:56,795 - WARNING - nothing passed in strict mode
2025-12-09 16:41:56,815 - WARNING - nothing passed in strict mode
2025-12-09 16:41:56,836 - WARNING - nothing passed in strict mode
2025-12-09 16:41:56,860 - WARNING - nothing passed in strict mode
2025-12-09 16:41:56,910 - WARNING - nothing passed in strict mode
2025-12-09 16:41:56,949 - WARNING - nothing passed in strict mode
2025-12-09 16:41:56,990 - WARNING - nothing passed in strict mode
2025-12-09 16:41:57,006 - WARNING - nothing passed in strict mode
2025-12-09 16:41:58,575 - WARNING - nothing passed in strict mode
2025-12-09 16:41:58,615 - WARNING - nothing passed in strict mode
2025-12-09 16:41:58,651 - WARNING - nothing passed in strict mode
2025-12-09 16:41:58,691 - WARNING - nothing passed in strict mode
2025-12-09 16:41:58,726 - WARNING - nothing passed in strict mode
2025-12-09 16:41:58,757 - WARNING - nothing passed in strict mode
2025-12-09 16:41:58,798 - WARNING - nothing passed in strict mode
2025-12-09 16:41:58,821 - WARNING - nothing passed in strict mode
2025-12-09 16:41:58,845 - WARNING - nothing passed in strict mode
2025-12-09 16:41:58,880 - WARNING - nothing passed in strict mode
2025-12-09 16:41:58,913 - WARNING - nothing passed in strict mode
2025-12-09 16:41:58,944 - WARNING - nothing passed in strict mode
2025-12-09 16:41:58,963 - WARNING - nothing passed in strict mode
2025-12-09 16:41:58,994 - WARNING - nothing passed in strict mode
2025-12-09 16:41:59,025 - WARNING - nothing passed in strict mode
2025-12-09 16:41:59,056 - WARNING - nothing passed in strict mode
2025-12-09 16:41:59,074 - WARNING - nothing passed in strict mode
2025-12-09 16:41:59,106 - WARNING - nothing passed in strict mode
2025-12-09 16:41:59,128 - WARNING - nothing passed in strict mode
2025-12-09 16:41:59,154 - WARNING - nothing passed in strict mode
2025-12-09 16:41:59,180 - WARNING - nothing passed in strict mode
2025-12-09 16:41:59,203 - WARNING - nothing passed in strict mode
2025-12-09 16:41:59,216 - WARNING - nothing passed in strict mode
2025-12-09 16:41:59,227 - WARNING - nothing passed in strict mode
2025-12-09 16:41:59,244 - WARNING - nothing passed in strict mode
2025-12-09 16:41:59,259 - WARNING - nothing passed in strict mode
2025-12-09 16:41:59,265 - WARNING - nothing passed in strict mode
2025-12-09 16:41:59,282 - WARNING - nothing passed in strict mode
2025-12-09 16:41:59,311 - WARNING - nothing passed in strict mode
2025-12-09 16:41:59,345 - WARNING - nothing passed in strict mode
2025-12-09 16:41:59,373 - WARNING - nothing passed in strict mode
2025-12-09 16:41:59,397 - WARNING - nothing passed in strict mode
2025-12-09 16:41:59,429 - WARNING - nothing passed in strict mode
2025-12-09 16:41:59,470 - WARNING - nothing passed in strict mode
2025-12-09 16:41:59,492 - WARNING - nothing passed in strict mode
2025-12-09 16:41:59,523 - WARNING - nothing passed in strict mode
2025-12-09 16:41:59,541 - WARNING - nothing passed in strict mode
2025-12-09 16:41:59,581 - WARNING - nothing passed in strict mode
2025-12-09 16:41:59,615 - WARNING - nothing passed in strict mode
2025-12-09 16:41:59,658 - WARNING - nothing passed in strict mode
2025-12-09 16:41:59,689 - WARNING - nothing passed in strict mode
2025-12-09 16:41:59,714 - WARNING - nothing passed in strict mode
2025-12-09 16:41:59,740 - WARNING - nothing passed in strict mode
2025-12-09 16:41:59,749 - WARNING - nothing passed in strict mode
2025-12-09 16:41:59,773 - WARNING - nothing passed in strict mode
2025-12-09 16:41:59,798 - WARNING - nothing passed in strict mode
2025-12-09 16:41:59,827 - WARNING - nothing passed in strict mode
2025-12-09 16:41:59,855 - WARNING - nothing passed in strict mode
2025-12-09 16:41:59,876 - WARNING - nothing passed in strict mode
2025-12-09 16:41:59,908 - WARNING - nothing passed in strict mode
2025-12-09 16:41:59,932 - WARNING - nothing passed in strict mode
2025-12-09 16:41:59,961 - WARNING - nothing passed in strict mode
2025-12-09 16:41:59,981 - WARNING - nothing passed in strict mode
2025-12-09 16:42:00,005 - WARNING - nothing passed in strict mode
2025-12-09 16:42:00,049 - WARNING - nothing passed in strict mode
2025-12-09 16:42:00,080 - WARNING - nothing passed in strict mode
2025-12-09 16:42:00,108 - WARNING - nothing passed in strict mode
2025-12-09 16:42:00,124 - WARNING - nothing passed in strict mode
2025-12-09 16:42:00,145 - WARNING - nothing passed in strict mode
2025-12-09 16:42:00,176 - WARNING - nothing passed in strict mode
2025-12-09 16:42:00,229 - WARNING - nothing passed in strict mode
2025-12-09 16:42:00,262 - WARNING - nothing passed in strict mode
2025-12-09 16:42:00,292 - WARNING - nothing passed in strict mode
2025-12-09 16:42:00,325 - WARNING - nothing passed in strict mode
2025-12-09 16:42:00,347 - WARNING - nothing passed in strict mode
2025-12-09 16:42:00,375 - WARNING - nothing passed in strict mode
2025-12-09 16:42:00,395 - WARNING - nothing passed in strict mode
2025-12-09 16:42:00,418 - WARNING - nothing passed in strict mode
2025-12-09 16:42:00,432 - WARNING - nothing passed in strict mode
2025-12-09 16:42:00,447 - WARNING - nothing passed in strict mode
2025-12-09 16:42:00,464 - WARNING - nothing passed in strict mode
2025-12-09 16:42:00,481 - WARNING - nothing passed in strict mode
2025-12-09 16:42:00,498 - WARNING - nothing passed in strict mode
2025-12-09 16:42:00,515 - WARNING - nothing passed in strict mode
2025-12-09 16:42:00,544 - WARNING - nothing passed in strict mode
2025-12-09 16:42:00,563 - WARNING - nothing passed in strict mode
2025-12-09 16:42:00,585 - WARNING - nothing passed in strict mode
2025-12-09 16:42:00,602 - WARNING - nothing passed in strict mode
2025-12-09 16:42:00,619 - WARNING - nothing passed in strict mode
2025-12-09 16:42:00,630 - WARNING - nothing passed in strict mode
2025-12-09 16:42:00,646 - WARNING - nothing passed in strict mode
2025-12-09 16:42:00,661 - WARNING - nothing passed in strict mode
2025-12-09 16:42:00,675 - WARNING - nothing passed in strict mode
2025-12-09 16:42:00,689 - WARNING - nothing passed in strict mode
2025-12-09 16:42:00,694 - WARNING - nothing passed in strict mode
2025-12-09 16:42:00,707 - WARNING - nothing passed in strict mode
2025-12-09 16:42:00,913 - WARNING - nothing passed in strict mode
2025-12-09 16:42:00,935 - WARNING - nothing passed in strict mode
2025-12-09 16:42:00,977 - WARNING - nothing passed in strict mode
2025-12-09 16:42:01,014 - WARNING - nothing passed in strict mode
2025-12-09 16:42:01,058 - WARNING - nothing passed in strict mode
2025-12-09 16:42:01,094 - WARNING - nothing passed in strict mode
2025-12-09 16:42:01,125 - WARNING - nothing passed in strict mode
2025-12-09 16:42:01,151 - WARNING - nothing passed in strict mode
2025-12-09 16:42:01,165 - WARNING - nothing passed in strict mode
2025-12-09 16:42:01,193 - WARNING - nothing passed in strict mode
2025-12-09 16:42:01,211 - WARNING - nothing passed in strict mode
2025-12-09 16:42:01,241 - WARNING - nothing passed in strict mode
2025-12-09 16:42:01,258 - WARNING - nothing passed in strict mode
2025-12-09 16:42:01,279 - WARNING - nothing passed in strict mode
2025-12-09 16:42:01,307 - WARNING - nothing passed in strict mode
2025-12-09 16:42:01,325 - WARNING - nothing passed in strict mode
2025-12-09 16:42:01,343 - WARNING - nothing passed in strict mode
2025-12-09 16:42:01,361 - WARNING - nothing passed in strict mode
2025-12-09 16:42:01,386 - WARNING - nothing passed in strict mode
2025-12-09 16:42:01,412 - WARNING - nothing passed in strict mode
2025-12-09 16:42:01,428 - WARNING - nothing passed in strict mode
2025-12-09 16:42:01,448 - WARNING - nothing passed in strict mode
2025-12-09 16:42:01,476 - WARNING - nothing passed in strict mode
2025-12-09 16:42:01,501 - WARNING - nothing passed in strict mode
2025-12-09 16:42:01,526 - WARNING - nothing passed in strict mode
2025-12-09 16:42:01,541 - WARNING - nothing passed in strict mode
2025-12-09 16:42:01,564 - WARNING - nothing passed in strict mode
2025-12-09 16:42:01,607 - WARNING - nothing passed in strict mode
2025-12-09 16:42:01,632 - WARNING - nothing passed in strict mode
2025-12-09 16:42:01,677 - WARNING - nothing passed in strict mode
2025-12-09 16:42:01,708 - WARNING - nothing passed in strict mode
2025-12-09 16:42:01,741 - WARNING - nothing passed in strict mode
2025-12-09 16:42:01,780 - WARNING - nothing passed in strict mode
2025-12-09 16:42:01,815 - WARNING - nothing passed in strict mode
2025-12-09 16:42:01,858 - WARNING - nothing passed in strict mode
2025-12-09 16:42:01,890 - WARNING - nothing passed in strict mode
2025-12-09 16:42:01,924 - WARNING - nothing passed in strict mode
2025-12-09 16:42:01,958 - WARNING - nothing passed in strict mode
2025-12-09 16:42:01,995 - WARNING - nothing passed in strict mode
2025-12-09 16:42:02,027 - WARNING - nothing passed in strict mode
2025-12-09 16:42:02,059 - WARNING - nothing passed in strict mode
2025-12-09 16:42:02,093 - WARNING - nothing passed in strict mode
2025-12-09 16:42:02,129 - WARNING - nothing passed in strict mode
2025-12-09 16:42:02,161 - WARNING - nothing passed in strict mode
2025-12-09 16:42:02,193 - WARNING - nothing passed in strict mode
2025-12-09 16:42:02,225 - WARNING - nothing passed in strict mode
2025-12-09 16:42:02,259 - WARNING - nothing passed in strict mode
2025-12-09 16:42:02,295 - WARNING - nothing passed in strict mode
2025-12-09 16:42:02,331 - WARNING - nothing passed in strict mode
2025-12-09 16:42:02,370 - WARNING - nothing passed in strict mode
2025-12-09 16:42:02,406 - WARNING - nothing passed in strict mode
2025-12-09 16:42:02,431 - WARNING - nothing passed in strict mode
2025-12-09 16:42:02,476 - WARNING - nothing passed in strict mode
2025-12-09 16:42:02,495 - WARNING - nothing passed in strict mode
2025-12-09 16:42:02,524 - WARNING - nothing passed in strict mode
2025-12-09 16:42:02,558 - WARNING - nothing passed in strict mode
2025-12-09 16:42:02,581 - WARNING - nothing passed in strict mode
2025-12-09 16:42:02,612 - WARNING - nothing passed in strict mode
2025-12-09 16:42:02,631 - WARNING - nothing passed in strict mode
2025-12-09 16:42:02,663 - WARNING - nothing passed in strict mode
2025-12-09 16:42:02,696 - WARNING - nothing passed in strict mode
2025-12-09 16:42:02,725 - WARNING - nothing passed in strict mode
2025-12-09 16:42:02,747 - WARNING - nothing passed in strict mode
2025-12-09 16:42:02,775 - WARNING - nothing passed in strict mode
2025-12-09 16:42:02,797 - WARNING - nothing passed in strict mode
2025-12-09 16:42:02,826 - WARNING - nothing passed in strict mode
2025-12-09 16:42:02,846 - WARNING - nothing passed in strict mode
2025-12-09 16:42:02,872 - WARNING - nothing passed in strict mode
2025-12-09 16:42:02,889 - WARNING - nothing passed in strict mode
2025-12-09 16:42:02,909 - WARNING - nothing passed in strict mode
2025-12-09 16:42:02,941 - WARNING - nothing passed in strict mode
2025-12-09 16:42:02,960 - WARNING - nothing passed in strict mode
2025-12-09 16:42:02,980 - WARNING - nothing passed in strict mode
2025-12-09 16:42:03,009 - WARNING - nothing passed in strict mode
2025-12-09 16:42:03,060 - WARNING - nothing passed in strict mode
2025-12-09 16:42:03,103 - WARNING - nothing passed in strict mode
2025-12-09 16:42:03,137 - WARNING - nothing passed in strict mode
2025-12-09 16:42:03,175 - WARNING - nothing passed in strict mode
2025-12-09 16:42:03,206 - WARNING - nothing passed in strict mode
2025-12-09 16:42:03,229 - WARNING - nothing passed in strict mode
2025-12-09 16:42:03,244 - WARNING - nothing passed in strict mode
2025-12-09 16:42:03,272 - WARNING - nothing passed in strict mode
2025-12-09 16:42:03,293 - WARNING - nothing passed in strict mode
2025-12-09 16:42:03,310 - WARNING - nothing passed in strict mode
2025-12-09 16:42:03,326 - WARNING - nothing passed in strict mode
2025-12-09 16:42:03,345 - WARNING - nothing passed in strict mode
2025-12-09 16:42:03,544 - WARNING - nothing passed in strict mode
2025-12-09 16:42:03,577 - WARNING - nothing passed in strict mode
2025-12-09 16:42:03,608 - WARNING - nothing passed in strict mode
2025-12-09 16:42:03,645 - WARNING - nothing passed in strict mode
2025-12-09 16:42:03,675 - WARNING - nothing passed in strict mode
2025-12-09 16:42:03,712 - WARNING - nothing passed in strict mode
2025-12-09 16:42:03,754 - WARNING - nothing passed in strict mode
2025-12-09 16:42:03,774 - WARNING - nothing passed in strict mode
2025-12-09 16:42:03,797 - WARNING - nothing passed in strict mode
2025-12-09 16:42:03,831 - WARNING - nothing passed in strict mode
2025-12-09 16:42:03,857 - WARNING - nothing passed in strict mode
2025-12-09 16:42:03,879 - WARNING - nothing passed in strict mode
2025-12-09 16:42:03,909 - WARNING - nothing passed in strict mode
2025-12-09 16:42:03,940 - WARNING - nothing passed in strict mode
2025-12-09 16:42:03,978 - WARNING - nothing passed in strict mode
2025-12-09 16:42:04,012 - WARNING - nothing passed in strict mode
2025-12-09 16:42:04,054 - WARNING - nothing passed in strict mode
2025-12-09 16:42:04,072 - WARNING - nothing passed in strict mode
2025-12-09 16:42:04,096 - WARNING - nothing passed in strict mode
2025-12-09 16:42:04,128 - WARNING - nothing passed in strict mode
2025-12-09 16:42:04,146 - WARNING - nothing passed in strict mode
2025-12-09 16:42:04,163 - WARNING - nothing passed in strict mode
2025-12-09 16:42:04,182 - WARNING - nothing passed in strict mode
2025-12-09 16:42:04,212 - WARNING - nothing passed in strict mode
2025-12-09 16:42:04,238 - WARNING - nothing passed in strict mode
2025-12-09 16:42:04,248 - WARNING - nothing passed in strict mode
2025-12-09 16:42:04,273 - WARNING - nothing passed in strict mode
2025-12-09 16:42:04,296 - WARNING - nothing passed in strict mode
2025-12-09 16:42:04,328 - WARNING - nothing passed in strict mode
2025-12-09 16:42:04,357 - WARNING - nothing passed in strict mode
2025-12-09 16:42:04,392 - WARNING - nothing passed in strict mode
2025-12-09 16:42:04,424 - WARNING - nothing passed in strict mode
2025-12-09 16:42:04,471 - WARNING - nothing passed in strict mode
2025-12-09 16:42:04,544 - WARNING - nothing passed in strict mode
2025-12-09 16:42:04,610 - WARNING - nothing passed in strict mode
2025-12-09 16:42:04,658 - WARNING - nothing passed in strict mode
2025-12-09 16:42:04,684 - WARNING - nothing passed in strict mode
2025-12-09 16:42:04,728 - WARNING - nothing passed in strict mode
2025-12-09 16:42:04,761 - WARNING - nothing passed in strict mode
2025-12-09 16:42:04,793 - WARNING - nothing passed in strict mode
2025-12-09 16:42:04,834 - WARNING - nothing passed in strict mode
2025-12-09 16:42:04,867 - WARNING - nothing passed in strict mode
2025-12-09 16:42:04,909 - WARNING - nothing passed in strict mode
2025-12-09 16:42:04,957 - WARNING - nothing passed in strict mode
2025-12-09 16:42:05,061 - WARNING - nothing passed in strict mode
2025-12-09 16:42:05,120 - WARNING - nothing passed in strict mode
2025-12-09 16:42:05,203 - WARNING - nothing passed in strict mode
2025-12-09 16:42:05,312 - WARNING - nothing passed in strict mode
2025-12-09 16:42:05,393 - WARNING - nothing passed in strict mode
2025-12-09 16:42:05,481 - WARNING - nothing passed in strict mode
2025-12-09 16:42:05,546 - WARNING - nothing passed in strict mode
2025-12-09 16:42:05,574 - WARNING - nothing passed in strict mode
2025-12-09 16:42:05,627 - WARNING - nothing passed in strict mode
2025-12-09 16:42:05,657 - WARNING - nothing passed in strict mode
2025-12-09 16:42:05,689 - WARNING - nothing passed in strict mode
2025-12-09 16:42:05,708 - WARNING - nothing passed in strict mode
2025-12-09 16:42:05,739 - WARNING - nothing passed in strict mode
2025-12-09 16:42:05,756 - WARNING - nothing passed in strict mode
2025-12-09 16:42:05,773 - WARNING - nothing passed in strict mode
2025-12-09 16:42:05,792 - WARNING - nothing passed in strict mode
2025-12-09 16:42:05,826 - WARNING - nothing passed in strict mode
2025-12-09 16:42:05,858 - WARNING - nothing passed in strict mode
2025-12-09 16:42:05,892 - WARNING - nothing passed in strict mode
2025-12-09 16:42:05,926 - WARNING - nothing passed in strict mode
2025-12-09 16:42:05,963 - WARNING - nothing passed in strict mode
2025-12-09 16:42:05,991 - WARNING - nothing passed in strict mode
2025-12-09 16:42:06,014 - WARNING - nothing passed in strict mode
2025-12-09 16:42:06,097 - WARNING - nothing passed in strict mode
2025-12-09 16:42:06,141 - WARNING - nothing passed in strict mode
2025-12-09 16:42:06,172 - WARNING - nothing passed in strict mode
2025-12-09 16:42:06,197 - WARNING - nothing passed in strict mode
2025-12-09 16:42:06,238 - WARNING - nothing passed in strict mode
2025-12-09 16:42:06,264 - WARNING - nothing passed in strict mode
2025-12-09 16:42:06,311 - WARNING - nothing passed in strict mode
2025-12-09 16:42:06,357 - WARNING - nothing passed in strict mode
2025-12-09 16:42:06,385 - WARNING - nothing passed in strict mode
2025-12-09 16:42:06,415 - WARNING - nothing passed in strict mode
2025-12-09 16:42:06,438 - WARNING - nothing passed in strict mode
2025-12-09 16:42:06,463 - WARNING - nothing passed in strict mode
2025-12-09 16:42:06,477 - WARNING - nothing passed in strict mode
2025-12-09 16:42:06,501 - WARNING - nothing passed in strict mode
2025-12-09 16:42:06,512 - WARNING - nothing passed in strict mode
2025-12-09 16:42:06,531 - WARNING - nothing passed in strict mode
2025-12-09 16:42:06,551 - WARNING - nothing passed in strict mode
2025-12-09 16:42:06,678 - WARNING - nothing passed in strict mode
2025-12-09 16:42:06,797 - WARNING - nothing passed in strict mode
2025-12-09 16:42:07,111 - WARNING - nothing passed in strict mode
2025-12-09 16:42:07,143 - WARNING - nothing passed in strict mode
2025-12-09 16:42:07,175 - WARNING - nothing passed in strict mode
2025-12-09 16:42:07,207 - WARNING - nothing passed in strict mode
2025-12-09 16:42:07,242 - WARNING - nothing passed in strict mode
2025-12-09 16:42:07,298 - WARNING - nothing passed in strict mode
2025-12-09 16:42:07,325 - WARNING - nothing passed in strict mode
2025-12-09 16:42:07,358 - WARNING - nothing passed in strict mode
2025-12-09 16:42:07,391 - WARNING - nothing passed in strict mode
2025-12-09 16:42:07,423 - WARNING - nothing passed in strict mode
2025-12-09 16:42:07,458 - WARNING - nothing passed in strict mode
2025-12-09 16:42:07,494 - WARNING - nothing passed in strict mode
2025-12-09 16:42:07,531 - WARNING - nothing passed in strict mode
2025-12-09 16:42:07,561 - WARNING - nothing passed in strict mode
2025-12-09 16:42:07,588 - WARNING - nothing passed in strict mode
2025-12-09 16:42:07,609 - WARNING - nothing passed in strict mode
2025-12-09 16:42:07,638 - WARNING - nothing passed in strict mode
2025-12-09 16:42:07,661 - WARNING - nothing passed in strict mode
2025-12-09 16:42:07,706 - WARNING - nothing passed in strict mode
2025-12-09 16:42:07,740 - WARNING - nothing passed in strict mode
2025-12-09 16:42:07,759 - WARNING - nothing passed in strict mode
2025-12-09 16:42:07,791 - WARNING - nothing passed in strict mode
2025-12-09 16:42:07,817 - WARNING - nothing passed in strict mode
2025-12-09 16:42:07,829 - WARNING - nothing passed in strict mode
2025-12-09 16:42:07,844 - WARNING - nothing passed in strict mode
2025-12-09 16:42:07,858 - WARNING - nothing passed in strict mode
2025-12-09 16:42:07,884 - WARNING - nothing passed in strict mode
2025-12-09 16:42:07,911 - WARNING - nothing passed in strict mode
2025-12-09 16:42:07,938 - WARNING - nothing passed in strict mode
2025-12-09 16:42:07,960 - WARNING - nothing passed in strict mode
2025-12-09 16:42:07,988 - WARNING - nothing passed in strict mode
2025-12-09 16:42:08,012 - WARNING - nothing passed in strict mode
2025-12-09 16:42:08,041 - WARNING - nothing passed in strict mode
2025-12-09 16:42:08,070 - WARNING - nothing passed in strict mode
2025-12-09 16:42:08,089 - WARNING - nothing passed in strict mode
2025-12-09 16:42:08,109 - WARNING - nothing passed in strict mode
2025-12-09 16:42:08,142 - WARNING - nothing passed in strict mode
2025-12-09 16:42:08,164 - WARNING - nothing passed in strict mode
2025-12-09 16:42:08,191 - WARNING - nothing passed in strict mode
2025-12-09 16:42:08,211 - WARNING - nothing passed in strict mode
2025-12-09 16:42:08,230 - WARNING - nothing passed in strict mode
2025-12-09 16:42:08,257 - WARNING - nothing passed in strict mode
2025-12-09 16:42:08,275 - WARNING - nothing passed in strict mode
2025-12-09 16:42:08,295 - WARNING - nothing passed in strict mode
2025-12-09 16:42:08,321 - WARNING - nothing passed in strict mode
2025-12-09 16:42:08,345 - WARNING - nothing passed in strict mode
2025-12-09 16:42:08,369 - WARNING - nothing passed in strict mode
2025-12-09 16:42:08,394 - WARNING - nothing passed in strict mode
2025-12-09 16:42:08,426 - WARNING - nothing passed in strict mode
2025-12-09 16:42:08,448 - WARNING - nothing passed in strict mode
2025-12-09 16:42:08,472 - WARNING - nothing passed in strict mode
2025-12-09 16:42:08,486 - WARNING - nothing passed in strict mode
2025-12-09 16:42:08,507 - WARNING - nothing passed in strict mode
2025-12-09 16:42:08,644 - WARNING - nothing passed in strict mode
2025-12-09 16:42:08,658 - WARNING - nothing passed in strict mode
2025-12-09 16:42:08,690 - WARNING - nothing passed in strict mode
2025-12-09 16:42:08,709 - WARNING - nothing passed in strict mode
2025-12-09 16:42:08,726 - WARNING - nothing passed in strict mode
2025-12-09 16:42:08,748 - WARNING - nothing passed in strict mode
2025-12-09 16:42:08,762 - WARNING - nothing passed in strict mode
2025-12-09 16:42:08,778 - WARNING - nothing passed in strict mode
2025-12-09 16:42:08,804 - WARNING - nothing passed in strict mode
2025-12-09 16:42:08,826 - WARNING - nothing passed in strict mode
2025-12-09 16:42:08,853 - WARNING - nothing passed in strict mode
2025-12-09 16:42:08,886 - WARNING - nothing passed in strict mode
2025-12-09 16:42:08,914 - WARNING - nothing passed in strict mode
2025-12-09 16:42:08,947 - WARNING - nothing passed in strict mode
2025-12-09 16:42:08,979 - WARNING - nothing passed in strict mode
2025-12-09 16:42:09,007 - WARNING - nothing passed in strict mode
2025-12-09 16:42:09,025 - WARNING - nothing passed in strict mode
2025-12-09 16:42:09,054 - WARNING - nothing passed in strict mode
2025-12-09 16:42:09,085 - WARNING - nothing passed in strict mode
2025-12-09 16:42:09,097 - WARNING - nothing passed in strict mode
2025-12-09 16:42:09,114 - WARNING - nothing passed in strict mode
2025-12-09 16:42:09,137 - WARNING - nothing passed in strict mode
2025-12-09 16:42:09,162 - WARNING - nothing passed in strict mode
2025-12-09 16:42:09,178 - WARNING - nothing passed in strict mode
2025-12-09 16:42:09,195 - WARNING - nothing passed in strict mode
2025-12-09 16:42:09,211 - WARNING - nothing passed in strict mode
2025-12-09 16:42:09,241 - WARNING - nothing passed in strict mode
2025-12-09 16:42:09,262 - WARNING - nothing passed in strict mode
2025-12-09 16:42:09,288 - WARNING - nothing passed in strict mode
2025-12-09 16:42:09,312 - WARNING - nothing passed in strict mode
2025-12-09 16:42:09,341 - WARNING - nothing passed in strict mode
2025-12-09 16:42:09,373 - WARNING - nothing passed in strict mode
2025-12-09 16:42:09,390 - WARNING - nothing passed in strict mode
2025-12-09 16:42:09,409 - WARNING - nothing passed in strict mode
2025-12-09 16:42:09,430 - WARNING - nothing passed in strict mode
2025-12-09 16:42:09,455 - WARNING - nothing passed in strict mode
2025-12-09 16:42:09,478 - WARNING - nothing passed in strict mode
2025-12-09 16:42:09,505 - WARNING - nothing passed in strict mode
2025-12-09 16:42:09,526 - WARNING - nothing passed in strict mode
2025-12-09 16:42:09,553 - WARNING - nothing passed in strict mode
2025-12-09 16:42:09,592 - WARNING - nothing passed in strict mode
2025-12-09 16:42:09,611 - WARNING - nothing passed in strict mode
2025-12-09 16:42:09,631 - WARNING - nothing passed in strict mode
2025-12-09 16:42:09,658 - WARNING - nothing passed in strict mode
2025-12-09 16:42:09,690 - WARNING - nothing passed in strict mode
2025-12-09 16:42:09,710 - WARNING - nothing passed in strict mode
2025-12-09 16:42:09,738 - WARNING - nothing passed in strict mode
2025-12-09 16:42:09,759 - WARNING - nothing passed in strict mode
2025-12-09 16:42:09,778 - WARNING - nothing passed in strict mode
2025-12-09 16:42:09,807 - WARNING - nothing passed in strict mode
2025-12-09 16:42:09,838 - WARNING - nothing passed in strict mode
2025-12-09 16:42:09,861 - WARNING - nothing passed in strict mode
2025-12-09 16:42:09,892 - WARNING - nothing passed in strict mode
2025-12-09 16:42:10,088 - WARNING - nothing passed in strict mode
2025-12-09 16:42:10,110 - WARNING - nothing passed in strict mode
2025-12-09 16:42:10,139 - WARNING - nothing passed in strict mode
2025-12-09 16:42:10,162 - WARNING - nothing passed in strict mode
2025-12-09 16:42:10,193 - WARNING - nothing passed in strict mode
2025-12-09 16:42:10,223 - WARNING - nothing passed in strict mode
2025-12-09 16:42:10,239 - WARNING - nothing passed in strict mode
2025-12-09 16:42:10,257 - WARNING - nothing passed in strict mode
2025-12-09 16:42:10,274 - WARNING - nothing passed in strict mode
2025-12-09 16:42:10,293 - WARNING - nothing passed in strict mode
2025-12-09 16:42:10,314 - WARNING - nothing passed in strict mode
2025-12-09 16:42:10,341 - WARNING - nothing passed in strict mode
2025-12-09 16:42:10,355 - WARNING - nothing passed in strict mode
2025-12-09 16:42:10,375 - WARNING - nothing passed in strict mode
2025-12-09 16:42:10,394 - WARNING - nothing passed in strict mode
2025-12-09 16:42:10,412 - WARNING - nothing passed in strict mode
2025-12-09 16:42:10,427 - WARNING - nothing passed in strict mode
2025-12-09 16:42:10,455 - WARNING - nothing passed in strict mode
2025-12-09 16:42:10,474 - WARNING - nothing passed in strict mode
2025-12-09 16:42:10,490 - WARNING - nothing passed in strict mode
2025-12-09 16:42:10,506 - WARNING - nothing passed in strict mode
2025-12-09 16:42:10,525 - WARNING - nothing passed in strict mode
2025-12-09 16:42:10,541 - WARNING - nothing passed in strict mode
2025-12-09 16:42:10,564 - WARNING - nothing passed in strict mode
2025-12-09 16:42:10,575 - WARNING - nothing passed in strict mode
2025-12-09 16:42:10,590 - WARNING - nothing passed in strict mode
2025-12-09 16:42:10,610 - WARNING - nothing passed in strict mode
2025-12-09 16:42:10,638 - WARNING - nothing passed in strict mode
2025-12-09 16:42:10,662 - WARNING - nothing passed in strict mode
2025-12-09 16:42:10,678 - WARNING - nothing passed in strict mode
2025-12-09 16:42:10,697 - WARNING - nothing passed in strict mode
2025-12-09 16:42:10,725 - WARNING - nothing passed in strict mode
2025-12-09 16:42:10,746 - WARNING - nothing passed in strict mode
2025-12-09 16:42:10,772 - WARNING - nothing passed in strict mode
2025-12-09 16:42:10,788 - WARNING - nothing passed in strict mode
2025-12-09 16:42:10,808 - WARNING - nothing passed in strict mode
2025-12-09 16:42:10,834 - WARNING - nothing passed in strict mode
2025-12-09 16:42:10,861 - WARNING - nothing passed in strict mode
2025-12-09 16:42:10,884 - WARNING - nothing passed in strict mode
2025-12-09 16:42:10,904 - WARNING - nothing passed in strict mode
2025-12-09 16:42:10,924 - WARNING - nothing passed in strict mode
2025-12-09 16:42:10,942 - WARNING - nothing passed in strict mode
2025-12-09 16:42:10,960 - WARNING - nothing passed in strict mode
2025-12-09 16:42:10,979 - WARNING - nothing passed in strict mode
2025-12-09 16:42:11,004 - WARNING - nothing passed in strict mode
2025-12-09 16:42:11,023 - WARNING - nothing passed in strict mode
2025-12-09 16:42:11,053 - WARNING - nothing passed in strict mode
2025-12-09 16:42:11,080 - WARNING - nothing passed in strict mode
2025-12-09 16:42:11,104 - WARNING - nothing passed in strict mode
2025-12-09 16:42:11,125 - WARNING - nothing passed in strict mode
2025-12-09 16:42:11,142 - WARNING - nothing passed in strict mode
2025-12-09 16:42:11,160 - WARNING - nothing passed in strict mode
2025-12-09 16:42:11,176 - WARNING - nothing passed in strict mode
2025-12-09 16:42:11,596 - INFO - allele's run 50
2025-12-09 16:42:11,597 - INFO - fetch_snp took : 0:00:00.001027
2025-12-09 16:42:11,597 - INFO - generate_allele_specific_primer took : 0:00:01.849479
2025-12-09 16:42:11,597 - INFO - filter_primers took : 0:00:00.008286
2025-12-09 16:42:11,597 - INFO - multiplexing close took : 0:00:02.715586
2025-12-09 16:42:11,597 - INFO - generate far took : 0:00:27.193268
2025-12-09 16:42:11,598 - INFO - total time : 0:00:32.065460
2025-12-09 16:51:51,558 - WARNING - rs3964475 allele T failed tm Min. Results: ['56.86881939596611 ', '55.7702538781096 ', '54.019320414520905 ', '53.46690663230578 ', '53.41781657416618 ', '52.778258915474964 ', '52.343102316272336 ', '51.84312316021533 ', '51.70881547524351 ', '51.3314234254359 ', '50.62061072074101 ', '50.21196014995667 ', '48.66462251510745 ', '47.84836412660155 ']
2025-12-09 16:51:51,560 - WARNING - rs17396518 allele T failed tm Min. Results: ['54.999070730579206 ', '53.80039090014736 ', '53.17692711360132 ', '52.960222713191285 ', '52.330754084861724 ', '52.27737593078382 ', '51.40642777570599 ', '51.28153608985815 ', '51.25657821440143 ', '50.18170704952047 ', '49.165239689923965 ', '48.960703121182064 ', '46.95097227004288 ', '44.83069983518146 ']
2025-12-09 16:51:51,560 - WARNING - rs17396518 allele A failed tm Min. Results: ['55.2400638158195 ', '54.055429100670324 ', '53.227142883250906 ', '52.55619888161527 ', '52.42446532524491 ', '51.57462054288948 ', '51.543546626396676 ', '50.58111734672218 ', '50.49058903105663 ', '50.392596502506365 ', '49.28718066216288 ', '48.26650939499126 ', '45.98368692988413 ', '43.82402785810115 ']
2025-12-09 16:51:51,561 - WARNING - rs369546232 allele T failed tm Max. Results: ['65.70330381941363 ', '67.99071866851602 ', '70.07855103211926 ', '71.14576614119261 ', '71.19956625229776 ', '71.24875121405671 ', '71.29389045657149 ']
2025-12-09 16:51:51,561 - WARNING - rs369546232 allele A failed tm Max. Results: ['65.4931069154049 ', '67.79931781342617 ', '69.90353493928927 ', '70.9804607349796 ', '71.04188549694533 ', '71.09802319053102 ', '71.14952826794774 ']
2025-12-09 16:51:51,562 - WARNING - rs369546232 allele G failed tm Max. Results: ['66.37581997116206 ', '68.5975682270647 ', '70.62833992712467 ', '71.66247939228089 ', '71.69270306941729 ', '71.72036813696803 ', '71.74578630271162 ']
2025-12-09 16:51:51,563 - WARNING - rs773821537 allele G failed tm Min. Results: ['56.66008450173513 ', '55.97415330803159 ', '55.22548972489909 ', '54.635571111977754 ', '52.68360737502326 ', '51.868601900735996 ', '51.75310330111034 ', '50.81722198609992 ', '49.74425699662254 ', '48.839988360142456 ', '47.83040819258332 ', '47.09013306946895 ', '44.76620958672362 ', '42.16063289000056 ']
2025-12-09 16:51:51,563 - WARNING - rs773821537 allele A failed tm Min. Results: ['55.42199718725243 ', '54.66911216263162 ', '53.84612368373092 ', '53.18322145702871 ', '51.14023959143299 ', '50.3818643908827 ', '50.20143318088782 ', '49.17815390470412 ', '48.0671820596919 ', '47.1112812710964 ', '45.987311199611895 ', '45.21944730564945 ', '42.78001188562331 ', '39.97342182490297 ']
2025-12-09 16:51:51,564 - WARNING - rs773821537 allele C failed tm Min. Results: ['56.07653947684457 ', '55.35891511794466 ', '54.575063847969034 ', '53.95067261212546 ', '51.95490783121312 ', '51.617462949613866 ', '51.491357023685566 ', '50.542637542450564 ', '48.9510612023866 ', '48.55424714131709 ', '46.95817311761874 ', '46.784655674595285 ', '44.446705725903655 ', '41.81469500542079 ']
2025-12-09 16:51:51,564 - WARNING - rs371996741 allele C failed tm Min. Results: ['56.446454615140794 ', '54.83788123999494 ', '53.33296370678232 ', '52.44548173379678 ', '52.34272378266837 ', '51.314963580715585 ', '49.77376168917766 ', '49.570241779702826 ', '49.088647945868445 ', '48.77251378498471 ', '47.6511038934824 ', '47.31670075983129 ', '46.003563774145164 ', '44.545014772856405 ']
2025-12-09 16:51:51,565 - WARNING - rs371996741 allele A failed tm Min. Results: ['55.79460600668517 ', '54.144669928204905 ', '52.57753893452872 ', '51.64122558187239 ', '51.49854715078783 ', '50.41004865054413 ', '49.01265628355435 ', '48.77390025016939 ', '48.11157272041197 ', '47.930461835395704 ', '46.75083484130619 ', '46.36713126651392 ', '44.98063577242647 ', '43.43780344386897 ']
2025-12-09 16:51:51,565 - WARNING - rs371996741 allele T failed tm Min. Results: ['55.59852049116847 ', '53.936972334461075 ', '52.35188985040577 ', '51.401344934209476 ', '51.246627537751635 ', '50.14042921904155 ', '48.25085523883081 ', '47.97927285693959 ', '47.82172389803998 ', '47.100500991707804 ', '45.878451332313375 ', '45.451436143893375 ', '44.013048898692034 ', '42.412112962271124 ']
2025-12-09 16:51:51,566 - INFO - lower TM fails: 9, all tm too high: 3, low homodimer with > 40C tm: 0, low haripin with > 40C tm: 0
2025-12-09 16:51:53,636 - WARNING - nothing passed in strict mode
2025-12-09 16:51:53,656 - WARNING - nothing passed in strict mode
2025-12-09 16:51:53,799 - WARNING - nothing passed in strict mode
2025-12-09 16:51:53,817 - WARNING - nothing passed in strict mode
2025-12-09 16:51:53,961 - WARNING - nothing passed in strict mode
2025-12-09 16:51:53,969 - WARNING - nothing passed in strict mode
2025-12-09 16:51:54,081 - WARNING - nothing passed in strict mode
2025-12-09 16:51:54,089 - WARNING - nothing passed in strict mode
2025-12-09 16:51:54,204 - WARNING - nothing passed in strict mode
2025-12-09 16:51:54,214 - WARNING - nothing passed in strict mode
2025-12-09 16:51:54,224 - WARNING - nothing passed in strict mode
2025-12-09 16:51:54,238 - WARNING - nothing passed in strict mode
2025-12-09 16:51:54,252 - WARNING - nothing passed in strict mode
2025-12-09 16:51:54,269 - WARNING - nothing passed in strict mode
2025-12-09 16:51:54,412 - WARNING - nothing passed in strict mode
2025-12-09 16:51:54,422 - WARNING - nothing passed in strict mode
2025-12-09 16:51:55,342 - WARNING - nothing passed in strict mode
2025-12-09 16:51:55,489 - WARNING - nothing passed in strict mode
2025-12-09 16:51:55,634 - WARNING - nothing passed in strict mode
2025-12-09 16:51:55,635 - WARNING - nothing passed in strict mode
2025-12-09 16:51:55,636 - WARNING - nothing passed in strict mode
2025-12-09 16:51:55,641 - WARNING - nothing passed in strict mode
2025-12-09 16:51:55,652 - WARNING - nothing passed in strict mode
2025-12-09 16:51:55,686 - WARNING - nothing passed in strict mode
2025-12-09 16:51:55,705 - WARNING - nothing passed in strict mode
2025-12-09 16:51:55,731 - WARNING - nothing passed in strict mode
2025-12-09 16:51:55,771 - WARNING - nothing passed in strict mode
2025-12-09 16:51:55,802 - WARNING - nothing passed in strict mode
2025-12-09 16:51:55,823 - WARNING - nothing passed in strict mode
2025-12-09 16:51:55,846 - WARNING - nothing passed in strict mode
2025-12-09 16:51:55,866 - WARNING - nothing passed in strict mode
2025-12-09 16:51:55,887 - WARNING - nothing passed in strict mode
2025-12-09 16:51:56,081 - WARNING - nothing passed in strict mode
2025-12-09 16:51:56,083 - WARNING - nothing passed in strict mode
2025-12-09 16:51:56,086 - WARNING - nothing passed in strict mode
2025-12-09 16:51:56,090 - WARNING - nothing passed in strict mode
2025-12-09 16:51:56,107 - WARNING - nothing passed in strict mode
2025-12-09 16:51:56,123 - WARNING - nothing passed in strict mode
2025-12-09 16:51:56,140 - WARNING - nothing passed in strict mode
2025-12-09 16:51:56,162 - WARNING - nothing passed in strict mode
2025-12-09 16:51:56,191 - WARNING - nothing passed in strict mode
2025-12-09 16:51:56,221 - WARNING - nothing passed in strict mode
2025-12-09 16:51:56,246 - WARNING - nothing passed in strict mode
2025-12-09 16:51:56,269 - WARNING - nothing passed in strict mode
2025-12-09 16:51:56,287 - WARNING - nothing passed in strict mode
2025-12-09 16:51:56,306 - WARNING - nothing passed in strict mode
2025-12-09 16:51:56,823 - WARNING - nothing passed in strict mode
2025-12-09 16:51:57,004 - WARNING - nothing passed in strict mode
2025-12-09 16:51:57,168 - WARNING - nothing passed in strict mode
2025-12-09 16:51:57,178 - WARNING - nothing passed in strict mode
2025-12-09 16:51:57,191 - WARNING - nothing passed in strict mode
2025-12-09 16:51:57,207 - WARNING - nothing passed in strict mode
2025-12-09 16:51:57,231 - WARNING - nothing passed in strict mode
2025-12-09 16:51:57,248 - WARNING - nothing passed in strict mode
2025-12-09 16:51:57,268 - WARNING - nothing passed in strict mode
2025-12-09 16:51:57,477 - WARNING - nothing passed in strict mode
2025-12-09 16:51:57,494 - WARNING - nothing passed in strict mode
2025-12-09 16:51:57,509 - WARNING - nothing passed in strict mode
2025-12-09 16:51:57,530 - WARNING - nothing passed in strict mode
2025-12-09 16:51:57,553 - WARNING - nothing passed in strict mode
2025-12-09 16:51:57,585 - WARNING - nothing passed in strict mode
2025-12-09 16:51:57,617 - WARNING - nothing passed in strict mode
2025-12-09 16:51:58,202 - WARNING - nothing passed in strict mode
2025-12-09 16:51:58,831 - WARNING - nothing passed in strict mode
2025-12-09 16:51:58,836 - WARNING - nothing passed in strict mode
2025-12-09 16:51:58,967 - WARNING - nothing passed in strict mode
2025-12-09 16:51:58,971 - WARNING - nothing passed in strict mode
2025-12-09 16:51:59,363 - WARNING - nothing passed in strict mode
2025-12-09 16:51:59,378 - WARNING - nothing passed in strict mode
2025-12-09 16:51:59,397 - WARNING - nothing passed in strict mode
2025-12-09 16:51:59,415 - WARNING - nothing passed in strict mode
2025-12-09 16:51:59,430 - WARNING - nothing passed in strict mode
2025-12-09 16:51:59,440 - WARNING - nothing passed in strict mode
2025-12-09 16:51:59,458 - WARNING - nothing passed in strict mode
2025-12-09 16:51:59,472 - WARNING - nothing passed in strict mode
2025-12-09 16:51:59,491 - WARNING - nothing passed in strict mode
2025-12-09 16:51:59,516 - WARNING - nothing passed in strict mode
2025-12-09 16:51:59,536 - WARNING - nothing passed in strict mode
2025-12-09 16:51:59,552 - WARNING - nothing passed in strict mode
2025-12-09 16:51:59,570 - WARNING - nothing passed in strict mode
2025-12-09 16:51:59,592 - WARNING - nothing passed in strict mode
2025-12-09 16:51:59,618 - WARNING - nothing passed in strict mode
2025-12-09 16:51:59,642 - WARNING - nothing passed in strict mode
2025-12-09 16:51:59,659 - WARNING - nothing passed in strict mode
2025-12-09 16:51:59,687 - WARNING - nothing passed in strict mode
2025-12-09 16:51:59,720 - WARNING - nothing passed in strict mode
2025-12-09 16:51:59,758 - WARNING - nothing passed in strict mode
2025-12-09 16:51:59,788 - WARNING - nothing passed in strict mode
2025-12-09 16:51:59,821 - WARNING - nothing passed in strict mode
2025-12-09 16:51:59,851 - WARNING - nothing passed in strict mode
2025-12-09 16:51:59,880 - WARNING - nothing passed in strict mode
2025-12-09 16:51:59,903 - WARNING - nothing passed in strict mode
2025-12-09 16:51:59,936 - WARNING - nothing passed in strict mode
2025-12-09 16:51:59,982 - WARNING - nothing passed in strict mode
2025-12-09 16:52:00,005 - WARNING - nothing passed in strict mode
2025-12-09 16:52:00,081 - WARNING - nothing passed in strict mode
2025-12-09 16:52:00,123 - WARNING - nothing passed in strict mode
2025-12-09 16:52:00,163 - WARNING - nothing passed in strict mode
2025-12-09 16:52:00,212 - WARNING - nothing passed in strict mode
2025-12-09 16:52:00,239 - WARNING - nothing passed in strict mode
2025-12-09 16:52:00,273 - WARNING - nothing passed in strict mode
2025-12-09 16:52:00,302 - WARNING - nothing passed in strict mode
2025-12-09 16:52:00,324 - WARNING - nothing passed in strict mode
2025-12-09 16:52:00,358 - WARNING - nothing passed in strict mode
2025-12-09 16:52:00,387 - WARNING - nothing passed in strict mode
2025-12-09 16:52:00,411 - WARNING - nothing passed in strict mode
2025-12-09 16:52:00,430 - WARNING - nothing passed in strict mode
2025-12-09 16:52:00,455 - WARNING - nothing passed in strict mode
2025-12-09 16:52:00,475 - WARNING - nothing passed in strict mode
2025-12-09 16:52:00,492 - WARNING - nothing passed in strict mode
2025-12-09 16:52:00,512 - WARNING - nothing passed in strict mode
2025-12-09 16:52:00,657 - WARNING - nothing passed in strict mode
2025-12-09 16:52:00,757 - WARNING - nothing passed in strict mode
2025-12-09 16:52:00,849 - WARNING - nothing passed in strict mode
2025-12-09 16:52:00,871 - WARNING - nothing passed in strict mode
2025-12-09 16:52:00,890 - WARNING - nothing passed in strict mode
2025-12-09 16:52:00,952 - WARNING - nothing passed in strict mode
2025-12-09 16:52:00,996 - WARNING - nothing passed in strict mode
2025-12-09 16:52:01,022 - WARNING - nothing passed in strict mode
2025-12-09 16:52:01,054 - WARNING - nothing passed in strict mode
2025-12-09 16:52:01,081 - WARNING - nothing passed in strict mode
2025-12-09 16:52:01,105 - WARNING - nothing passed in strict mode
2025-12-09 16:52:01,132 - WARNING - nothing passed in strict mode
2025-12-09 16:52:01,156 - WARNING - nothing passed in strict mode
2025-12-09 16:52:01,179 - WARNING - nothing passed in strict mode
2025-12-09 16:52:01,200 - WARNING - nothing passed in strict mode
2025-12-09 16:52:01,226 - WARNING - nothing passed in strict mode
2025-12-09 16:52:01,252 - WARNING - nothing passed in strict mode
2025-12-09 16:52:01,273 - WARNING - nothing passed in strict mode
2025-12-09 16:52:01,299 - WARNING - nothing passed in strict mode
2025-12-09 16:52:01,321 - WARNING - nothing passed in strict mode
2025-12-09 16:52:01,345 - WARNING - nothing passed in strict mode
2025-12-09 16:52:01,366 - WARNING - nothing passed in strict mode
2025-12-09 16:52:01,387 - WARNING - nothing passed in strict mode
2025-12-09 16:52:01,413 - WARNING - nothing passed in strict mode
2025-12-09 16:52:01,442 - WARNING - nothing passed in strict mode
2025-12-09 16:52:01,471 - WARNING - nothing passed in strict mode
2025-12-09 16:52:01,496 - WARNING - nothing passed in strict mode
2025-12-09 16:52:01,520 - WARNING - nothing passed in strict mode
2025-12-09 16:52:01,543 - WARNING - nothing passed in strict mode
2025-12-09 16:52:01,566 - WARNING - nothing passed in strict mode
2025-12-09 16:52:01,584 - WARNING - nothing passed in strict mode
2025-12-09 16:52:01,603 - WARNING - nothing passed in strict mode
2025-12-09 16:52:01,762 - WARNING - nothing passed in strict mode
2025-12-09 16:52:01,786 - WARNING - nothing passed in strict mode
2025-12-09 16:52:01,805 - WARNING - nothing passed in strict mode
2025-12-09 16:52:01,822 - WARNING - nothing passed in strict mode
2025-12-09 16:52:01,841 - WARNING - nothing passed in strict mode
2025-12-09 16:52:01,858 - WARNING - nothing passed in strict mode
2025-12-09 16:52:01,874 - WARNING - nothing passed in strict mode
2025-12-09 16:52:01,891 - WARNING - nothing passed in strict mode
2025-12-09 16:52:01,912 - WARNING - nothing passed in strict mode
2025-12-09 16:52:01,938 - WARNING - nothing passed in strict mode
2025-12-09 16:52:01,957 - WARNING - nothing passed in strict mode
2025-12-09 16:52:01,985 - WARNING - nothing passed in strict mode
2025-12-09 16:52:02,005 - WARNING - nothing passed in strict mode
2025-12-09 16:52:02,023 - WARNING - nothing passed in strict mode
2025-12-09 16:52:02,050 - WARNING - nothing passed in strict mode
2025-12-09 16:52:02,072 - WARNING - nothing passed in strict mode
2025-12-09 16:52:02,091 - WARNING - nothing passed in strict mode
2025-12-09 16:52:02,108 - WARNING - nothing passed in strict mode
2025-12-09 16:52:02,133 - WARNING - nothing passed in strict mode
2025-12-09 16:52:02,155 - WARNING - nothing passed in strict mode
2025-12-09 16:52:02,178 - WARNING - nothing passed in strict mode
2025-12-09 16:52:02,208 - WARNING - nothing passed in strict mode
2025-12-09 16:52:02,251 - WARNING - nothing passed in strict mode
2025-12-09 16:52:02,292 - WARNING - nothing passed in strict mode
2025-12-09 16:52:02,336 - WARNING - nothing passed in strict mode
2025-12-09 16:52:02,365 - WARNING - nothing passed in strict mode
2025-12-09 16:52:02,390 - WARNING - nothing passed in strict mode
2025-12-09 16:52:02,422 - WARNING - nothing passed in strict mode
2025-12-09 16:52:02,453 - WARNING - nothing passed in strict mode
2025-12-09 16:52:02,470 - WARNING - nothing passed in strict mode
2025-12-09 16:52:02,503 - WARNING - nothing passed in strict mode
2025-12-09 16:52:02,524 - WARNING - nothing passed in strict mode
2025-12-09 16:52:02,565 - WARNING - nothing passed in strict mode
2025-12-09 16:52:02,586 - WARNING - nothing passed in strict mode
2025-12-09 16:52:02,617 - WARNING - nothing passed in strict mode
2025-12-09 16:52:02,652 - WARNING - nothing passed in strict mode
2025-12-09 16:52:02,675 - WARNING - nothing passed in strict mode
2025-12-09 16:52:02,697 - WARNING - nothing passed in strict mode
2025-12-09 16:52:02,722 - WARNING - nothing passed in strict mode
2025-12-09 16:52:02,742 - WARNING - nothing passed in strict mode
2025-12-09 16:52:02,768 - WARNING - nothing passed in strict mode
2025-12-09 16:52:02,788 - WARNING - nothing passed in strict mode
2025-12-09 16:52:02,803 - WARNING - nothing passed in strict mode
2025-12-09 16:52:02,819 - WARNING - nothing passed in strict mode
2025-12-09 16:52:02,839 - WARNING - nothing passed in strict mode
2025-12-09 16:52:02,856 - WARNING - nothing passed in strict mode
2025-12-09 16:52:02,870 - WARNING - nothing passed in strict mode
2025-12-09 16:52:02,885 - WARNING - nothing passed in strict mode
2025-12-09 16:52:02,901 - WARNING - nothing passed in strict mode
2025-12-09 16:52:02,924 - WARNING - nothing passed in strict mode
2025-12-09 16:52:02,957 - WARNING - nothing passed in strict mode
2025-12-09 16:52:02,986 - WARNING - nothing passed in strict mode
2025-12-09 16:52:03,009 - WARNING - nothing passed in strict mode
2025-12-09 16:52:03,036 - WARNING - nothing passed in strict mode
2025-12-09 16:52:03,062 - WARNING - nothing passed in strict mode
2025-12-09 16:52:03,090 - WARNING - nothing passed in strict mode
2025-12-09 16:52:03,113 - WARNING - nothing passed in strict mode
2025-12-09 16:52:03,133 - WARNING - nothing passed in strict mode
2025-12-09 16:52:03,157 - WARNING - nothing passed in strict mode
2025-12-09 16:52:03,185 - WARNING - nothing passed in strict mode
2025-12-09 16:52:03,207 - WARNING - nothing passed in strict mode
2025-12-09 16:52:03,230 - WARNING - nothing passed in strict mode
2025-12-09 16:52:03,254 - WARNING - nothing passed in strict mode
2025-12-09 16:52:03,278 - WARNING - nothing passed in strict mode
2025-12-09 16:52:03,300 - WARNING - nothing passed in strict mode
2025-12-09 16:52:03,320 - WARNING - nothing passed in strict mode
2025-12-09 16:52:03,341 - WARNING - nothing passed in strict mode
2025-12-09 16:52:03,369 - WARNING - nothing passed in strict mode
2025-12-09 16:52:03,392 - WARNING - nothing passed in strict mode
2025-12-09 16:52:03,422 - WARNING - nothing passed in strict mode
2025-12-09 16:52:03,450 - WARNING - nothing passed in strict mode
2025-12-09 16:52:03,472 - WARNING - nothing passed in strict mode
2025-12-09 16:52:03,497 - WARNING - nothing passed in strict mode
2025-12-09 16:52:03,520 - WARNING - nothing passed in strict mode
2025-12-09 16:52:03,536 - WARNING - nothing passed in strict mode
2025-12-09 16:52:03,555 - WARNING - nothing passed in strict mode
2025-12-09 16:52:03,707 - WARNING - nothing passed in strict mode
2025-12-09 16:52:03,731 - WARNING - nothing passed in strict mode
2025-12-09 16:52:03,751 - WARNING - nothing passed in strict mode
2025-12-09 16:52:03,773 - WARNING - nothing passed in strict mode
2025-12-09 16:52:03,798 - WARNING - nothing passed in strict mode
2025-12-09 16:52:03,817 - WARNING - nothing passed in strict mode
2025-12-09 16:52:03,846 - WARNING - nothing passed in strict mode
2025-12-09 16:52:03,880 - WARNING - nothing passed in strict mode
2025-12-09 16:52:03,908 - WARNING - nothing passed in strict mode
2025-12-09 16:52:03,937 - WARNING - nothing passed in strict mode
2025-12-09 16:52:03,966 - WARNING - nothing passed in strict mode
2025-12-09 16:52:03,985 - WARNING - nothing passed in strict mode
2025-12-09 16:52:04,002 - WARNING - nothing passed in strict mode
2025-12-09 16:52:04,021 - WARNING - nothing passed in strict mode
2025-12-09 16:52:04,039 - WARNING - nothing passed in strict mode
2025-12-09 16:52:04,057 - WARNING - nothing passed in strict mode
2025-12-09 16:52:04,083 - WARNING - nothing passed in strict mode
2025-12-09 16:52:04,104 - WARNING - nothing passed in strict mode
2025-12-09 16:52:04,132 - WARNING - nothing passed in strict mode
2025-12-09 16:52:04,151 - WARNING - nothing passed in strict mode
2025-12-09 16:52:04,168 - WARNING - nothing passed in strict mode
2025-12-09 16:52:04,184 - WARNING - nothing passed in strict mode
2025-12-09 16:52:04,200 - WARNING - nothing passed in strict mode
2025-12-09 16:52:04,416 - WARNING - nothing passed in strict mode
2025-12-09 16:52:04,439 - WARNING - nothing passed in strict mode
2025-12-09 16:52:04,463 - WARNING - nothing passed in strict mode
2025-12-09 16:52:04,486 - WARNING - nothing passed in strict mode
2025-12-09 16:52:04,505 - WARNING - nothing passed in strict mode
2025-12-09 16:52:04,528 - WARNING - nothing passed in strict mode
2025-12-09 16:52:04,554 - WARNING - nothing passed in strict mode
2025-12-09 16:52:04,583 - WARNING - nothing passed in strict mode
2025-12-09 16:52:04,610 - WARNING - nothing passed in strict mode
2025-12-09 16:52:04,651 - WARNING - nothing passed in strict mode
2025-12-09 16:52:04,686 - WARNING - nothing passed in strict mode
2025-12-09 16:52:04,718 - WARNING - nothing passed in strict mode
2025-12-09 16:52:04,753 - WARNING - nothing passed in strict mode
2025-12-09 16:52:04,770 - WARNING - nothing passed in strict mode
2025-12-09 16:52:04,790 - WARNING - nothing passed in strict mode
2025-12-09 16:52:04,814 - WARNING - nothing passed in strict mode
2025-12-09 16:52:04,836 - WARNING - nothing passed in strict mode
2025-12-09 16:52:04,858 - WARNING - nothing passed in strict mode
2025-12-09 16:52:04,890 - WARNING - nothing passed in strict mode
2025-12-09 16:52:04,924 - WARNING - nothing passed in strict mode
2025-12-09 16:52:04,949 - WARNING - nothing passed in strict mode
2025-12-09 16:52:04,970 - WARNING - nothing passed in strict mode
2025-12-09 16:52:04,987 - WARNING - nothing passed in strict mode
2025-12-09 16:52:05,230 - WARNING - nothing passed in strict mode
2025-12-09 16:52:05,251 - WARNING - nothing passed in strict mode
2025-12-09 16:52:05,275 - WARNING - nothing passed in strict mode
2025-12-09 16:52:05,301 - WARNING - nothing passed in strict mode
2025-12-09 16:52:05,320 - WARNING - nothing passed in strict mode
2025-12-09 16:52:05,337 - WARNING - nothing passed in strict mode
2025-12-09 16:52:05,364 - WARNING - nothing passed in strict mode
2025-12-09 16:52:05,392 - WARNING - nothing passed in strict mode
2025-12-09 16:52:05,418 - WARNING - nothing passed in strict mode
2025-12-09 16:52:05,451 - WARNING - nothing passed in strict mode
2025-12-09 16:52:05,472 - WARNING - nothing passed in strict mode
2025-12-09 16:52:05,489 - WARNING - nothing passed in strict mode
2025-12-09 16:52:05,506 - WARNING - nothing passed in strict mode
2025-12-09 16:52:05,524 - WARNING - nothing passed in strict mode
2025-12-09 16:52:05,540 - WARNING - nothing passed in strict mode
2025-12-09 16:52:05,557 - WARNING - nothing passed in strict mode
2025-12-09 16:52:05,579 - WARNING - nothing passed in strict mode
2025-12-09 16:52:05,600 - WARNING - nothing passed in strict mode
2025-12-09 16:52:05,620 - WARNING - nothing passed in strict mode
2025-12-09 16:52:05,640 - WARNING - nothing passed in strict mode
2025-12-09 16:52:05,656 - WARNING - nothing passed in strict mode
2025-12-09 16:52:05,672 - WARNING - nothing passed in strict mode
2025-12-09 16:52:05,689 - WARNING - nothing passed in strict mode
2025-12-09 16:52:05,918 - WARNING - nothing passed in strict mode
2025-12-09 16:52:05,946 - WARNING - nothing passed in strict mode
2025-12-09 16:52:05,970 - WARNING - nothing passed in strict mode
2025-12-09 16:52:05,992 - WARNING - nothing passed in strict mode
2025-12-09 16:52:06,013 - WARNING - nothing passed in strict mode
2025-12-09 16:52:06,035 - WARNING - nothing passed in strict mode
2025-12-09 16:52:06,061 - WARNING - nothing passed in strict mode
2025-12-09 16:52:06,091 - WARNING - nothing passed in strict mode
2025-12-09 16:52:06,121 - WARNING - nothing passed in strict mode
2025-12-09 16:52:06,151 - WARNING - nothing passed in strict mode
2025-12-09 16:52:06,170 - WARNING - nothing passed in strict mode
2025-12-09 16:52:06,186 - WARNING - nothing passed in strict mode
2025-12-09 16:52:06,207 - WARNING - nothing passed in strict mode
2025-12-09 16:52:06,224 - WARNING - nothing passed in strict mode
2025-12-09 16:52:06,240 - WARNING - nothing passed in strict mode
2025-12-09 16:52:06,257 - WARNING - nothing passed in strict mode
2025-12-09 16:52:06,279 - WARNING - nothing passed in strict mode
2025-12-09 16:52:06,302 - WARNING - nothing passed in strict mode
2025-12-09 16:52:06,325 - WARNING - nothing passed in strict mode
2025-12-09 16:52:06,348 - WARNING - nothing passed in strict mode
2025-12-09 16:52:06,366 - WARNING - nothing passed in strict mode
2025-12-09 16:52:06,380 - WARNING - nothing passed in strict mode
2025-12-09 16:52:06,396 - WARNING - nothing passed in strict mode
2025-12-09 16:52:07,252 - WARNING - nothing passed in strict mode
2025-12-09 16:52:07,274 - WARNING - nothing passed in strict mode
2025-12-09 16:52:07,312 - WARNING - nothing passed in strict mode
2025-12-09 16:52:07,337 - WARNING - nothing passed in strict mode
2025-12-09 16:52:07,368 - WARNING - nothing passed in strict mode
2025-12-09 16:52:07,403 - WARNING - nothing passed in strict mode
2025-12-09 16:52:07,430 - WARNING - nothing passed in strict mode
2025-12-09 16:52:07,450 - WARNING - nothing passed in strict mode
2025-12-09 16:52:07,471 - WARNING - nothing passed in strict mode
2025-12-09 16:52:07,495 - WARNING - nothing passed in strict mode
2025-12-09 16:52:07,520 - WARNING - nothing passed in strict mode
2025-12-09 16:52:07,534 - WARNING - nothing passed in strict mode
2025-12-09 16:52:07,554 - WARNING - nothing passed in strict mode
2025-12-09 16:52:07,584 - WARNING - nothing passed in strict mode
2025-12-09 16:52:07,607 - WARNING - nothing passed in strict mode
2025-12-09 16:52:07,622 - WARNING - nothing passed in strict mode
2025-12-09 16:52:07,640 - WARNING - nothing passed in strict mode
2025-12-09 16:52:07,661 - WARNING - nothing passed in strict mode
2025-12-09 16:52:07,687 - WARNING - nothing passed in strict mode
2025-12-09 16:52:07,712 - WARNING - nothing passed in strict mode
2025-12-09 16:52:07,729 - WARNING - nothing passed in strict mode
2025-12-09 16:52:07,747 - WARNING - nothing passed in strict mode
2025-12-09 16:52:07,763 - WARNING - nothing passed in strict mode
2025-12-09 16:52:07,781 - WARNING - nothing passed in strict mode
2025-12-09 16:52:07,796 - WARNING - nothing passed in strict mode
2025-12-09 16:52:07,807 - WARNING - nothing passed in strict mode
2025-12-09 16:52:07,822 - WARNING - nothing passed in strict mode
2025-12-09 16:52:07,839 - WARNING - nothing passed in strict mode
2025-12-09 16:52:07,866 - WARNING - nothing passed in strict mode
2025-12-09 16:52:07,891 - WARNING - nothing passed in strict mode
2025-12-09 16:52:07,921 - WARNING - nothing passed in strict mode
2025-12-09 16:52:07,946 - WARNING - nothing passed in strict mode
2025-12-09 16:52:07,970 - WARNING - nothing passed in strict mode
2025-12-09 16:52:07,996 - WARNING - nothing passed in strict mode
2025-12-09 16:52:08,019 - WARNING - nothing passed in strict mode
2025-12-09 16:52:08,050 - WARNING - nothing passed in strict mode
2025-12-09 16:52:08,070 - WARNING - nothing passed in strict mode
2025-12-09 16:52:08,095 - WARNING - nothing passed in strict mode
2025-12-09 16:52:08,118 - WARNING - nothing passed in strict mode
2025-12-09 16:52:08,144 - WARNING - nothing passed in strict mode
2025-12-09 16:52:08,164 - WARNING - nothing passed in strict mode
2025-12-09 16:52:08,186 - WARNING - nothing passed in strict mode
2025-12-09 16:52:08,205 - WARNING - nothing passed in strict mode
2025-12-09 16:52:08,224 - WARNING - nothing passed in strict mode
2025-12-09 16:52:08,251 - WARNING - nothing passed in strict mode
2025-12-09 16:52:08,273 - WARNING - nothing passed in strict mode
2025-12-09 16:52:08,300 - WARNING - nothing passed in strict mode
2025-12-09 16:52:08,325 - WARNING - nothing passed in strict mode
2025-12-09 16:52:08,356 - WARNING - nothing passed in strict mode
2025-12-09 16:52:08,385 - WARNING - nothing passed in strict mode
2025-12-09 16:52:08,407 - WARNING - nothing passed in strict mode
2025-12-09 16:52:08,433 - WARNING - nothing passed in strict mode
2025-12-09 16:52:08,456 - WARNING - nothing passed in strict mode
2025-12-09 16:52:08,481 - WARNING - nothing passed in strict mode
2025-12-09 16:52:08,499 - WARNING - nothing passed in strict mode
2025-12-09 16:52:08,514 - WARNING - nothing passed in strict mode
2025-12-09 16:52:08,530 - WARNING - nothing passed in strict mode
2025-12-09 16:52:08,545 - WARNING - nothing passed in strict mode
2025-12-09 16:52:08,562 - WARNING - nothing passed in strict mode
2025-12-09 16:52:08,580 - WARNING - nothing passed in strict mode
2025-12-09 16:52:08,597 - WARNING - nothing passed in strict mode
2025-12-09 16:52:08,618 - WARNING - nothing passed in strict mode
2025-12-09 16:52:08,637 - WARNING - nothing passed in strict mode
2025-12-09 16:52:08,654 - WARNING - nothing passed in strict mode
2025-12-09 16:52:08,677 - WARNING - nothing passed in strict mode
2025-12-09 16:52:08,695 - WARNING - nothing passed in strict mode
2025-12-09 16:52:08,717 - WARNING - nothing passed in strict mode
2025-12-09 16:52:08,859 - WARNING - nothing passed in strict mode
2025-12-09 16:52:08,946 - WARNING - nothing passed in strict mode
2025-12-09 16:52:09,052 - WARNING - nothing passed in strict mode
2025-12-09 16:52:09,085 - WARNING - nothing passed in strict mode
2025-12-09 16:52:09,102 - WARNING - nothing passed in strict mode
2025-12-09 16:52:09,207 - WARNING - nothing passed in strict mode
2025-12-09 16:52:09,230 - WARNING - nothing passed in strict mode
2025-12-09 16:52:09,266 - WARNING - nothing passed in strict mode
2025-12-09 16:52:09,303 - WARNING - nothing passed in strict mode
2025-12-09 16:52:09,329 - WARNING - nothing passed in strict mode
2025-12-09 16:52:09,355 - WARNING - nothing passed in strict mode
2025-12-09 16:52:09,377 - WARNING - nothing passed in strict mode
2025-12-09 16:52:09,419 - WARNING - nothing passed in strict mode
2025-12-09 16:52:09,458 - WARNING - nothing passed in strict mode
2025-12-09 16:52:09,531 - WARNING - nothing passed in strict mode
2025-12-09 16:52:09,555 - WARNING - nothing passed in strict mode
2025-12-09 16:52:09,579 - WARNING - nothing passed in strict mode
2025-12-09 16:52:09,591 - WARNING - nothing passed in strict mode
2025-12-09 16:52:09,618 - WARNING - nothing passed in strict mode
2025-12-09 16:52:09,887 - WARNING - nothing passed in strict mode
2025-12-09 16:52:09,921 - WARNING - nothing passed in strict mode
2025-12-09 16:52:09,950 - WARNING - nothing passed in strict mode
2025-12-09 16:52:09,981 - WARNING - nothing passed in strict mode
2025-12-09 16:52:10,033 - WARNING - nothing passed in strict mode
2025-12-09 16:52:10,062 - WARNING - nothing passed in strict mode
2025-12-09 16:52:10,087 - WARNING - nothing passed in strict mode
2025-12-09 16:52:10,106 - WARNING - nothing passed in strict mode
2025-12-09 16:52:10,123 - WARNING - nothing passed in strict mode
2025-12-09 16:52:10,152 - WARNING - nothing passed in strict mode
2025-12-09 16:52:10,179 - WARNING - nothing passed in strict mode
2025-12-09 16:52:10,202 - WARNING - nothing passed in strict mode
2025-12-09 16:52:10,222 - WARNING - nothing passed in strict mode
2025-12-09 16:52:10,261 - WARNING - nothing passed in strict mode
2025-12-09 16:52:10,299 - WARNING - nothing passed in strict mode
2025-12-09 16:52:10,334 - WARNING - nothing passed in strict mode
2025-12-09 16:52:10,365 - WARNING - nothing passed in strict mode
2025-12-09 16:52:10,390 - WARNING - nothing passed in strict mode
2025-12-09 16:52:10,419 - WARNING - nothing passed in strict mode
2025-12-09 16:52:10,455 - WARNING - nothing passed in strict mode
2025-12-09 16:52:10,475 - WARNING - nothing passed in strict mode
2025-12-09 16:52:10,502 - WARNING - nothing passed in strict mode
2025-12-09 16:52:10,523 - WARNING - nothing passed in strict mode
2025-12-09 16:52:10,550 - WARNING - nothing passed in strict mode
2025-12-09 16:52:10,572 - WARNING - nothing passed in strict mode
2025-12-09 16:52:10,585 - WARNING - nothing passed in strict mode
2025-12-09 16:52:10,604 - WARNING - nothing passed in strict mode
2025-12-09 16:52:10,623 - WARNING - nothing passed in strict mode
2025-12-09 16:52:10,657 - WARNING - nothing passed in strict mode
2025-12-09 16:52:10,695 - WARNING - nothing passed in strict mode
2025-12-09 16:52:10,738 - WARNING - nothing passed in strict mode
2025-12-09 16:52:10,766 - WARNING - nothing passed in strict mode
2025-12-09 16:52:10,798 - WARNING - nothing passed in strict mode
2025-12-09 16:52:10,831 - WARNING - nothing passed in strict mode
2025-12-09 16:52:10,854 - WARNING - nothing passed in strict mode
2025-12-09 16:52:10,880 - WARNING - nothing passed in strict mode
2025-12-09 16:52:10,903 - WARNING - nothing passed in strict mode
2025-12-09 16:52:10,931 - WARNING - nothing passed in strict mode
2025-12-09 16:52:10,956 - WARNING - nothing passed in strict mode
2025-12-09 16:52:10,985 - WARNING - nothing passed in strict mode
2025-12-09 16:52:11,007 - WARNING - nothing passed in strict mode
2025-12-09 16:52:11,092 - WARNING - nothing passed in strict mode
2025-12-09 16:52:11,176 - WARNING - nothing passed in strict mode
2025-12-09 16:52:11,197 - WARNING - nothing passed in strict mode
2025-12-09 16:52:11,247 - WARNING - nothing passed in strict mode
2025-12-09 16:52:11,305 - WARNING - nothing passed in strict mode
2025-12-09 16:52:11,346 - WARNING - nothing passed in strict mode
2025-12-09 16:52:11,430 - WARNING - nothing passed in strict mode
2025-12-09 16:52:11,539 - WARNING - nothing passed in strict mode
2025-12-09 16:52:11,622 - WARNING - nothing passed in strict mode
2025-12-09 16:52:11,726 - WARNING - nothing passed in strict mode
2025-12-09 16:52:11,787 - WARNING - nothing passed in strict mode
2025-12-09 16:52:11,843 - WARNING - nothing passed in strict mode
2025-12-09 16:52:11,901 - WARNING - nothing passed in strict mode
2025-12-09 16:52:11,986 - WARNING - nothing passed in strict mode
2025-12-09 16:52:12,067 - WARNING - nothing passed in strict mode
2025-12-09 16:52:12,103 - WARNING - nothing passed in strict mode
2025-12-09 16:52:12,163 - WARNING - nothing passed in strict mode
2025-12-09 16:52:12,187 - WARNING - nothing passed in strict mode
2025-12-09 16:52:12,215 - WARNING - nothing passed in strict mode
2025-12-09 16:52:12,240 - WARNING - nothing passed in strict mode
2025-12-09 16:52:12,268 - WARNING - nothing passed in strict mode
2025-12-09 16:52:12,289 - WARNING - nothing passed in strict mode
2025-12-09 16:52:12,319 - WARNING - nothing passed in strict mode
2025-12-09 16:52:12,341 - WARNING - nothing passed in strict mode
2025-12-09 16:52:12,370 - WARNING - nothing passed in strict mode
2025-12-09 16:52:12,401 - WARNING - nothing passed in strict mode
2025-12-09 16:52:12,436 - WARNING - nothing passed in strict mode
2025-12-09 16:52:12,453 - WARNING - nothing passed in strict mode
2025-12-09 16:52:12,480 - WARNING - nothing passed in strict mode
2025-12-09 16:52:12,501 - WARNING - nothing passed in strict mode
2025-12-09 16:52:12,541 - WARNING - nothing passed in strict mode
2025-12-09 16:52:12,569 - WARNING - nothing passed in strict mode
2025-12-09 16:52:12,610 - WARNING - nothing passed in strict mode
2025-12-09 16:52:12,662 - WARNING - nothing passed in strict mode
2025-12-09 16:52:12,694 - WARNING - nothing passed in strict mode
2025-12-09 16:52:12,732 - WARNING - nothing passed in strict mode
2025-12-09 16:52:12,761 - WARNING - nothing passed in strict mode
2025-12-09 16:52:12,788 - WARNING - nothing passed in strict mode
2025-12-09 16:52:12,806 - WARNING - nothing passed in strict mode
2025-12-09 16:52:12,844 - WARNING - nothing passed in strict mode
2025-12-09 16:52:12,869 - WARNING - nothing passed in strict mode
2025-12-09 16:52:12,885 - WARNING - nothing passed in strict mode
2025-12-09 16:52:12,902 - WARNING - nothing passed in strict mode
2025-12-09 16:52:12,916 - WARNING - nothing passed in strict mode
2025-12-09 16:52:12,933 - WARNING - nothing passed in strict mode
2025-12-09 16:52:13,148 - WARNING - nothing passed in strict mode
2025-12-09 16:52:13,191 - WARNING - nothing passed in strict mode
2025-12-09 16:52:13,247 - WARNING - nothing passed in strict mode
2025-12-09 16:52:13,304 - WARNING - nothing passed in strict mode
2025-12-09 16:52:13,333 - WARNING - nothing passed in strict mode
2025-12-09 16:52:13,377 - WARNING - nothing passed in strict mode
2025-12-09 16:52:13,408 - WARNING - nothing passed in strict mode
2025-12-09 16:52:13,437 - WARNING - nothing passed in strict mode
2025-12-09 16:52:13,464 - WARNING - nothing passed in strict mode
2025-12-09 16:52:13,513 - WARNING - nothing passed in strict mode
2025-12-09 16:52:13,552 - WARNING - nothing passed in strict mode
2025-12-09 16:52:13,574 - WARNING - nothing passed in strict mode
2025-12-09 16:52:13,597 - WARNING - nothing passed in strict mode
2025-12-09 16:52:13,622 - WARNING - nothing passed in strict mode
2025-12-09 16:52:13,648 - WARNING - nothing passed in strict mode
2025-12-09 16:52:13,671 - WARNING - nothing passed in strict mode
2025-12-09 16:52:13,695 - WARNING - nothing passed in strict mode
2025-12-09 16:52:13,720 - WARNING - nothing passed in strict mode
2025-12-09 16:52:13,739 - WARNING - nothing passed in strict mode
2025-12-09 16:52:13,769 - WARNING - nothing passed in strict mode
2025-12-09 16:52:13,788 - WARNING - nothing passed in strict mode
2025-12-09 16:52:13,803 - WARNING - nothing passed in strict mode
2025-12-09 16:52:13,827 - WARNING - nothing passed in strict mode
2025-12-09 16:52:13,844 - WARNING - nothing passed in strict mode
2025-12-09 16:52:13,862 - WARNING - nothing passed in strict mode
2025-12-09 16:52:13,873 - WARNING - nothing passed in strict mode
2025-12-09 16:52:13,889 - WARNING - nothing passed in strict mode
2025-12-09 16:52:13,904 - WARNING - nothing passed in strict mode
2025-12-09 16:52:13,932 - WARNING - nothing passed in strict mode
2025-12-09 16:52:13,960 - WARNING - nothing passed in strict mode
2025-12-09 16:52:13,987 - WARNING - nothing passed in strict mode
2025-12-09 16:52:14,016 - WARNING - nothing passed in strict mode
2025-12-09 16:52:14,049 - WARNING - nothing passed in strict mode
2025-12-09 16:52:14,079 - WARNING - nothing passed in strict mode
2025-12-09 16:52:14,106 - WARNING - nothing passed in strict mode
2025-12-09 16:52:14,132 - WARNING - nothing passed in strict mode
2025-12-09 16:52:14,165 - WARNING - nothing passed in strict mode
2025-12-09 16:52:14,202 - WARNING - nothing passed in strict mode
2025-12-09 16:52:14,237 - WARNING - nothing passed in strict mode
2025-12-09 16:52:14,267 - WARNING - nothing passed in strict mode
2025-12-09 16:52:14,297 - WARNING - nothing passed in strict mode
2025-12-09 16:52:14,328 - WARNING - nothing passed in strict mode
2025-12-09 16:52:14,366 - WARNING - nothing passed in strict mode
2025-12-09 16:52:14,396 - WARNING - nothing passed in strict mode
2025-12-09 16:52:14,423 - WARNING - nothing passed in strict mode
2025-12-09 16:52:14,477 - WARNING - nothing passed in strict mode
2025-12-09 16:52:14,541 - WARNING - nothing passed in strict mode
2025-12-09 16:52:14,610 - WARNING - nothing passed in strict mode
2025-12-09 16:52:14,667 - WARNING - nothing passed in strict mode
2025-12-09 16:52:14,723 - WARNING - nothing passed in strict mode
2025-12-09 16:52:14,755 - WARNING - nothing passed in strict mode
2025-12-09 16:52:14,785 - WARNING - nothing passed in strict mode
2025-12-09 16:52:14,815 - WARNING - nothing passed in strict mode
2025-12-09 16:52:14,836 - WARNING - nothing passed in strict mode
2025-12-09 16:52:14,871 - WARNING - nothing passed in strict mode
2025-12-09 16:52:14,906 - WARNING - nothing passed in strict mode
2025-12-09 16:52:14,950 - WARNING - nothing passed in strict mode
2025-12-09 16:52:14,964 - WARNING - nothing passed in strict mode
2025-12-09 16:52:14,981 - WARNING - nothing passed in strict mode
2025-12-09 16:52:15,004 - WARNING - nothing passed in strict mode
2025-12-09 16:52:15,053 - WARNING - nothing passed in strict mode
2025-12-09 16:52:15,079 - WARNING - nothing passed in strict mode
2025-12-09 16:52:15,100 - WARNING - nothing passed in strict mode
2025-12-09 16:52:15,122 - WARNING - nothing passed in strict mode
2025-12-09 16:52:15,149 - WARNING - nothing passed in strict mode
2025-12-09 16:52:15,169 - WARNING - nothing passed in strict mode
2025-12-09 16:52:15,190 - WARNING - nothing passed in strict mode
2025-12-09 16:52:15,214 - WARNING - nothing passed in strict mode
2025-12-09 16:52:15,233 - WARNING - nothing passed in strict mode
2025-12-09 16:52:15,255 - WARNING - nothing passed in strict mode
2025-12-09 16:52:15,279 - WARNING - nothing passed in strict mode
2025-12-09 16:52:15,302 - WARNING - nothing passed in strict mode
2025-12-09 16:52:15,322 - WARNING - nothing passed in strict mode
2025-12-09 16:52:15,350 - WARNING - nothing passed in strict mode
2025-12-09 16:52:15,394 - WARNING - nothing passed in strict mode
2025-12-09 16:52:15,440 - WARNING - nothing passed in strict mode
2025-12-09 16:52:15,489 - WARNING - nothing passed in strict mode
2025-12-09 16:52:15,623 - WARNING - nothing passed in strict mode
2025-12-09 16:52:15,720 - WARNING - nothing passed in strict mode
2025-12-09 16:52:15,817 - WARNING - nothing passed in strict mode
2025-12-09 16:52:15,915 - WARNING - nothing passed in strict mode
2025-12-09 16:52:15,933 - WARNING - nothing passed in strict mode
2025-12-09 16:52:16,028 - WARNING - nothing passed in strict mode
2025-12-09 16:52:16,054 - WARNING - nothing passed in strict mode
2025-12-09 16:52:16,069 - WARNING - nothing passed in strict mode
2025-12-09 16:52:16,088 - WARNING - nothing passed in strict mode
2025-12-09 16:52:16,299 - WARNING - nothing passed in strict mode
2025-12-09 16:52:16,323 - WARNING - nothing passed in strict mode
2025-12-09 16:52:16,349 - WARNING - nothing passed in strict mode
2025-12-09 16:52:16,372 - WARNING - nothing passed in strict mode
2025-12-09 16:52:16,398 - WARNING - nothing passed in strict mode
2025-12-09 16:52:16,420 - WARNING - nothing passed in strict mode
2025-12-09 16:52:16,434 - WARNING - nothing passed in strict mode
2025-12-09 16:52:16,453 - WARNING - nothing passed in strict mode
2025-12-09 16:52:16,480 - WARNING - nothing passed in strict mode
2025-12-09 16:52:16,503 - WARNING - nothing passed in strict mode
2025-12-09 16:52:16,528 - WARNING - nothing passed in strict mode
2025-12-09 16:52:16,555 - WARNING - nothing passed in strict mode
2025-12-09 16:52:16,588 - WARNING - nothing passed in strict mode
2025-12-09 16:52:16,622 - WARNING - nothing passed in strict mode
2025-12-09 16:52:16,649 - WARNING - nothing passed in strict mode
2025-12-09 16:52:16,687 - WARNING - nothing passed in strict mode
2025-12-09 16:52:16,720 - WARNING - nothing passed in strict mode
2025-12-09 16:52:16,751 - WARNING - nothing passed in strict mode
2025-12-09 16:52:16,772 - WARNING - nothing passed in strict mode
2025-12-09 16:52:16,788 - WARNING - nothing passed in strict mode
2025-12-09 16:52:16,807 - WARNING - nothing passed in strict mode
2025-12-09 16:52:16,833 - WARNING - nothing passed in strict mode
2025-12-09 16:52:16,851 - WARNING - nothing passed in strict mode
2025-12-09 16:52:16,869 - WARNING - nothing passed in strict mode
2025-12-09 16:52:16,883 - WARNING - nothing passed in strict mode
2025-12-09 16:52:16,901 - WARNING - nothing passed in strict mode
2025-12-09 16:52:16,932 - WARNING - nothing passed in strict mode
2025-12-09 16:52:16,970 - WARNING - nothing passed in strict mode
2025-12-09 16:52:17,004 - WARNING - nothing passed in strict mode
2025-12-09 16:52:17,069 - WARNING - nothing passed in strict mode
2025-12-09 16:52:17,114 - WARNING - nothing passed in strict mode
2025-12-09 16:52:17,149 - WARNING - nothing passed in strict mode
2025-12-09 16:52:17,180 - WARNING - nothing passed in strict mode
2025-12-09 16:52:17,207 - WARNING - nothing passed in strict mode
2025-12-09 16:52:17,245 - WARNING - nothing passed in strict mode
2025-12-09 16:52:17,286 - WARNING - nothing passed in strict mode
2025-12-09 16:52:17,322 - WARNING - nothing passed in strict mode
2025-12-09 16:52:17,352 - WARNING - nothing passed in strict mode
2025-12-09 16:52:17,371 - WARNING - nothing passed in strict mode
2025-12-09 16:52:17,419 - WARNING - nothing passed in strict mode
2025-12-09 16:52:17,440 - WARNING - nothing passed in strict mode
2025-12-09 16:52:17,465 - WARNING - nothing passed in strict mode
2025-12-09 16:52:17,488 - WARNING - nothing passed in strict mode
2025-12-09 16:52:17,514 - WARNING - nothing passed in strict mode
2025-12-09 16:52:17,540 - WARNING - nothing passed in strict mode
2025-12-09 16:52:17,565 - WARNING - nothing passed in strict mode
2025-12-09 16:52:17,589 - WARNING - nothing passed in strict mode
2025-12-09 16:52:17,619 - WARNING - nothing passed in strict mode
2025-12-09 16:52:17,644 - WARNING - nothing passed in strict mode
2025-12-09 16:52:17,679 - WARNING - nothing passed in strict mode
2025-12-09 16:52:17,705 - WARNING - nothing passed in strict mode
2025-12-09 16:52:17,730 - WARNING - nothing passed in strict mode
2025-12-09 16:52:17,755 - WARNING - nothing passed in strict mode
2025-12-09 16:52:17,949 - WARNING - nothing passed in strict mode
2025-12-09 16:52:17,971 - WARNING - nothing passed in strict mode
2025-12-09 16:52:18,000 - WARNING - nothing passed in strict mode
2025-12-09 16:52:18,027 - WARNING - nothing passed in strict mode
2025-12-09 16:52:18,054 - WARNING - nothing passed in strict mode
2025-12-09 16:52:18,076 - WARNING - nothing passed in strict mode
2025-12-09 16:52:18,095 - WARNING - nothing passed in strict mode
2025-12-09 16:52:18,114 - WARNING - nothing passed in strict mode
2025-12-09 16:52:18,135 - WARNING - nothing passed in strict mode
2025-12-09 16:52:18,172 - WARNING - nothing passed in strict mode
2025-12-09 16:52:18,196 - WARNING - nothing passed in strict mode
2025-12-09 16:52:18,235 - WARNING - nothing passed in strict mode
2025-12-09 16:52:18,269 - WARNING - nothing passed in strict mode
2025-12-09 16:52:18,303 - WARNING - nothing passed in strict mode
2025-12-09 16:52:18,333 - WARNING - nothing passed in strict mode
2025-12-09 16:52:18,355 - WARNING - nothing passed in strict mode
2025-12-09 16:52:18,384 - WARNING - nothing passed in strict mode
2025-12-09 16:52:18,411 - WARNING - nothing passed in strict mode
2025-12-09 16:52:18,435 - WARNING - nothing passed in strict mode
2025-12-09 16:52:18,455 - WARNING - nothing passed in strict mode
2025-12-09 16:52:18,473 - WARNING - nothing passed in strict mode
2025-12-09 16:52:18,499 - WARNING - nothing passed in strict mode
2025-12-09 16:52:18,522 - WARNING - nothing passed in strict mode
2025-12-09 16:52:18,539 - WARNING - nothing passed in strict mode
2025-12-09 16:52:18,557 - WARNING - nothing passed in strict mode
2025-12-09 16:52:18,584 - WARNING - nothing passed in strict mode
2025-12-09 16:52:18,614 - WARNING - nothing passed in strict mode
2025-12-09 16:52:18,646 - WARNING - nothing passed in strict mode
2025-12-09 16:52:18,678 - WARNING - nothing passed in strict mode
2025-12-09 16:52:18,714 - WARNING - nothing passed in strict mode
2025-12-09 16:52:18,738 - WARNING - nothing passed in strict mode
2025-12-09 16:52:18,769 - WARNING - nothing passed in strict mode
2025-12-09 16:52:18,801 - WARNING - nothing passed in strict mode
2025-12-09 16:52:18,831 - WARNING - nothing passed in strict mode
2025-12-09 16:52:18,850 - WARNING - nothing passed in strict mode
2025-12-09 16:52:18,879 - WARNING - nothing passed in strict mode
2025-12-09 16:52:18,907 - WARNING - nothing passed in strict mode
2025-12-09 16:52:18,938 - WARNING - nothing passed in strict mode
2025-12-09 16:52:18,963 - WARNING - nothing passed in strict mode
2025-12-09 16:52:18,986 - WARNING - nothing passed in strict mode
2025-12-09 16:52:19,021 - WARNING - nothing passed in strict mode
2025-12-09 16:52:19,053 - WARNING - nothing passed in strict mode
2025-12-09 16:52:19,079 - WARNING - nothing passed in strict mode
2025-12-09 16:52:19,106 - WARNING - nothing passed in strict mode
2025-12-09 16:52:19,139 - WARNING - nothing passed in strict mode
2025-12-09 16:52:19,180 - WARNING - nothing passed in strict mode
2025-12-09 16:52:19,239 - WARNING - nothing passed in strict mode
2025-12-09 16:52:19,266 - WARNING - nothing passed in strict mode
2025-12-09 16:52:19,286 - WARNING - nothing passed in strict mode
2025-12-09 16:52:19,307 - WARNING - nothing passed in strict mode
2025-12-09 16:52:19,332 - WARNING - nothing passed in strict mode
2025-12-09 16:52:19,351 - WARNING - nothing passed in strict mode
2025-12-09 16:52:19,372 - WARNING - nothing passed in strict mode
2025-12-09 16:52:19,606 - WARNING - nothing passed in strict mode
2025-12-09 16:52:19,634 - WARNING - nothing passed in strict mode
2025-12-09 16:52:19,680 - WARNING - nothing passed in strict mode
2025-12-09 16:52:19,720 - WARNING - nothing passed in strict mode
2025-12-09 16:52:19,760 - WARNING - nothing passed in strict mode
2025-12-09 16:52:19,786 - WARNING - nothing passed in strict mode
2025-12-09 16:52:19,814 - WARNING - nothing passed in strict mode
2025-12-09 16:52:19,835 - WARNING - nothing passed in strict mode
2025-12-09 16:52:19,864 - WARNING - nothing passed in strict mode
2025-12-09 16:52:19,903 - WARNING - nothing passed in strict mode
2025-12-09 16:52:19,935 - WARNING - nothing passed in strict mode
2025-12-09 16:52:19,961 - WARNING - nothing passed in strict mode
2025-12-09 16:52:19,989 - WARNING - nothing passed in strict mode
2025-12-09 16:52:20,015 - WARNING - nothing passed in strict mode
2025-12-09 16:52:20,039 - WARNING - nothing passed in strict mode
2025-12-09 16:52:20,079 - WARNING - nothing passed in strict mode
2025-12-09 16:52:20,099 - WARNING - nothing passed in strict mode
2025-12-09 16:52:20,129 - WARNING - nothing passed in strict mode
2025-12-09 16:52:20,149 - WARNING - nothing passed in strict mode
2025-12-09 16:52:20,171 - WARNING - nothing passed in strict mode
2025-12-09 16:52:20,206 - WARNING - nothing passed in strict mode
2025-12-09 16:52:20,249 - WARNING - nothing passed in strict mode
2025-12-09 16:52:20,297 - WARNING - nothing passed in strict mode
2025-12-09 16:52:20,373 - WARNING - nothing passed in strict mode
2025-12-09 16:52:20,432 - WARNING - nothing passed in strict mode
2025-12-09 16:52:20,521 - WARNING - nothing passed in strict mode
2025-12-09 16:52:20,583 - WARNING - nothing passed in strict mode
2025-12-09 16:52:20,634 - WARNING - nothing passed in strict mode
2025-12-09 16:52:20,689 - WARNING - nothing passed in strict mode
2025-12-09 16:52:20,887 - WARNING - nothing passed in strict mode
2025-12-09 16:52:21,076 - WARNING - nothing passed in strict mode
2025-12-09 16:52:21,176 - WARNING - nothing passed in strict mode
2025-12-09 16:52:21,263 - WARNING - nothing passed in strict mode
2025-12-09 16:52:21,350 - WARNING - nothing passed in strict mode
2025-12-09 16:52:21,389 - WARNING - nothing passed in strict mode
2025-12-09 16:52:21,446 - WARNING - nothing passed in strict mode
2025-12-09 16:52:21,505 - WARNING - nothing passed in strict mode
2025-12-09 16:52:21,571 - WARNING - nothing passed in strict mode
2025-12-09 16:52:21,606 - WARNING - nothing passed in strict mode
2025-12-09 16:52:21,665 - WARNING - nothing passed in strict mode
2025-12-09 16:52:21,712 - WARNING - nothing passed in strict mode
2025-12-09 16:52:21,745 - WARNING - nothing passed in strict mode
2025-12-09 16:52:21,773 - WARNING - nothing passed in strict mode
2025-12-09 16:52:21,812 - WARNING - nothing passed in strict mode
2025-12-09 16:52:21,869 - WARNING - nothing passed in strict mode
2025-12-09 16:52:21,987 - WARNING - nothing passed in strict mode
2025-12-09 16:52:22,070 - WARNING - nothing passed in strict mode
2025-12-09 16:52:22,101 - WARNING - nothing passed in strict mode
2025-12-09 16:52:22,169 - WARNING - nothing passed in strict mode
2025-12-09 16:52:22,233 - WARNING - nothing passed in strict mode
2025-12-09 16:52:22,297 - WARNING - nothing passed in strict mode
2025-12-09 16:52:22,332 - WARNING - nothing passed in strict mode
2025-12-09 16:52:22,353 - WARNING - nothing passed in strict mode
2025-12-09 16:52:22,902 - INFO - allele's run 50
2025-12-09 16:52:22,903 - INFO - fetch_snp took : 0:00:00.001626
2025-12-09 16:52:22,903 - INFO - generate_allele_specific_primer took : 0:00:01.375163
2025-12-09 16:52:22,903 - INFO - filter_primers took : 0:00:00.008679
2025-12-09 16:52:22,903 - INFO - multiplexing close took : 0:00:02.053534
2025-12-09 16:52:22,903 - INFO - generate far took : 0:00:28.925862
2025-12-09 16:52:22,904 - INFO - total time : 0:00:32.721830
2025-12-09 16:53:27,825 - WARNING - rs3964475 allele T failed tm Min. Results: ['56.86881939596611 ', '55.7702538781096 ', '54.019320414520905 ', '53.46690663230578 ', '53.41781657416618 ', '52.778258915474964 ', '52.343102316272336 ', '51.84312316021533 ', '51.70881547524351 ', '51.3314234254359 ', '50.62061072074101 ', '50.21196014995667 ', '48.66462251510745 ', '47.84836412660155 ']
2025-12-09 16:53:27,826 - INFO - lower TM fails: 1, all tm too high: 0, low homodimer with > 40C tm: 0, low haripin with > 40C tm: 0
2025-12-09 16:53:27,941 - WARNING - nothing passed in strict mode
2025-12-09 16:53:27,985 - WARNING - nothing passed in strict mode
2025-12-09 16:53:28,102 - WARNING - nothing passed in strict mode
2025-12-09 16:53:28,146 - WARNING - nothing passed in strict mode
2025-12-09 16:53:28,213 - WARNING - nothing passed in strict mode
2025-12-09 16:53:28,226 - WARNING - nothing passed in strict mode
2025-12-09 16:53:28,283 - WARNING - nothing passed in strict mode
2025-12-09 16:53:28,317 - WARNING - nothing passed in strict mode
2025-12-09 16:53:28,385 - WARNING - nothing passed in strict mode
2025-12-09 16:53:28,417 - WARNING - nothing passed in strict mode
2025-12-09 16:53:28,495 - WARNING - nothing passed in strict mode
2025-12-09 16:53:28,546 - WARNING - nothing passed in strict mode
2025-12-09 16:53:28,567 - WARNING - nothing passed in strict mode
2025-12-09 16:53:28,603 - WARNING - nothing passed in strict mode
2025-12-09 16:53:28,746 - WARNING - nothing passed in strict mode
2025-12-09 16:53:28,764 - WARNING - nothing passed in strict mode
2025-12-09 16:53:29,058 - INFO - allele's run 9
2025-12-09 16:53:29,058 - INFO - fetch_snp took : 0:00:00.001058
2025-12-09 16:53:29,059 - INFO - generate_allele_specific_primer took : 0:00:00.170324
2025-12-09 16:53:29,059 - INFO - filter_primers took : 0:00:00.001777
2025-12-09 16:53:29,059 - INFO - multiplexing close took : 0:00:00.055847
2025-12-09 16:53:29,059 - INFO - generate far took : 0:00:01.124952
2025-12-09 16:53:29,059 - INFO - total time : 0:00:01.404981
2025-12-09 17:13:14,761 - WARNING - rs3964475 allele T failed tm Min. Results: ['56.86881939596611 ', '55.7702538781096 ', '54.019320414520905 ', '53.46690663230578 ', '53.41781657416618 ', '52.778258915474964 ', '52.343102316272336 ', '51.84312316021533 ', '51.70881547524351 ', '51.3314234254359 ', '50.62061072074101 ', '50.21196014995667 ', '48.66462251510745 ', '47.84836412660155 ']
2025-12-09 17:13:14,762 - INFO - lower TM fails: 1, all tm too high: 0, low homodimer with > 40C tm: 0, low haripin with > 40C tm: 0
2025-12-09 17:13:14,824 - WARNING - nothing passed in strict mode
2025-12-09 17:13:14,844 - WARNING - nothing passed in strict mode
2025-12-09 17:13:14,919 - WARNING - nothing passed in strict mode
2025-12-09 17:13:14,946 - WARNING - nothing passed in strict mode
2025-12-09 17:13:15,006 - WARNING - nothing passed in strict mode
2025-12-09 17:13:15,014 - WARNING - nothing passed in strict mode
2025-12-09 17:13:15,076 - WARNING - nothing passed in strict mode
2025-12-09 17:13:15,085 - WARNING - nothing passed in strict mode
2025-12-09 17:13:15,144 - WARNING - nothing passed in strict mode
2025-12-09 17:13:15,164 - WARNING - nothing passed in strict mode
2025-12-09 17:13:15,176 - WARNING - nothing passed in strict mode
2025-12-09 17:13:15,196 - WARNING - nothing passed in strict mode
2025-12-09 17:13:15,226 - WARNING - nothing passed in strict mode
2025-12-09 17:13:15,249 - WARNING - nothing passed in strict mode
2025-12-09 17:13:15,320 - WARNING - nothing passed in strict mode
2025-12-09 17:13:15,340 - WARNING - nothing passed in strict mode
2025-12-09 17:13:15,696 - INFO - allele's run 9
2025-12-09 17:13:15,697 - INFO - fetch_snp took : 0:00:00.001537
2025-12-09 17:13:15,697 - INFO - generate_allele_specific_primer took : 0:00:00.242217
2025-12-09 17:13:15,697 - INFO - filter_primers took : 0:00:00.001329
2025-12-09 17:13:15,697 - INFO - multiplexing close took : 0:00:00.047189
2025-12-09 17:13:15,698 - INFO - generate far took : 0:00:00.736855
2025-12-09 17:13:15,698 - INFO - total time : 0:00:01.179233
2025-12-09 17:45:50,843 - WARNING - rs3964475 allele T failed tm Min. Results: ['56.86881939596611 ', '55.7702538781096 ', '54.019320414520905 ', '53.46690663230578 ', '53.41781657416618 ', '52.778258915474964 ', '52.343102316272336 ', '51.84312316021533 ', '51.70881547524351 ', '51.3314234254359 ', '50.62061072074101 ', '50.21196014995667 ', '48.66462251510745 ', '47.84836412660155 ']
2025-12-09 17:45:50,845 - INFO - lower TM fails: 1, all tm too high: 0, low homodimer with > 40C tm: 0, low haripin with > 40C tm: 0
2025-12-09 17:45:50,941 - WARNING - nothing passed in strict mode
2025-12-09 17:45:50,978 - WARNING - nothing passed in strict mode
2025-12-09 17:45:51,065 - WARNING - nothing passed in strict mode
2025-12-09 17:45:51,154 - WARNING - nothing passed in strict mode
2025-12-09 17:45:51,248 - WARNING - nothing passed in strict mode
2025-12-09 17:45:51,311 - WARNING - nothing passed in strict mode
2025-12-09 17:45:51,391 - WARNING - nothing passed in strict mode
2025-12-09 17:45:51,405 - WARNING - nothing passed in strict mode
2025-12-09 17:45:51,506 - WARNING - nothing passed in strict mode
2025-12-09 17:45:51,542 - WARNING - nothing passed in strict mode
2025-12-09 17:45:51,562 - WARNING - nothing passed in strict mode
2025-12-09 17:45:51,595 - WARNING - nothing passed in strict mode
2025-12-09 17:45:51,661 - WARNING - nothing passed in strict mode
2025-12-09 17:45:51,715 - WARNING - nothing passed in strict mode
2025-12-09 17:45:51,807 - WARNING - nothing passed in strict mode
2025-12-09 17:45:51,821 - WARNING - nothing passed in strict mode
2025-12-09 17:45:53,468 - INFO - allele's run 9
2025-12-09 17:45:53,468 - INFO - fetch_snp took : 0:00:00.000926
2025-12-09 17:45:53,468 - INFO - generate_allele_specific_primer took : 0:00:00.393344
2025-12-09 17:45:53,468 - INFO - filter_primers took : 0:00:00.003770
2025-12-09 17:45:53,468 - INFO - multiplexing close took : 0:00:00.077896
2025-12-09 17:45:53,469 - INFO - generate far took : 0:00:01.319868
2025-12-09 17:45:53,469 - INFO - total time : 0:00:03.019930
